Library,Prefix,Company
META-INF.androidx.appsearch,META-INF.androidx,
META-INF.androidx.collection,META-INF.androidx,
META-INF.androidx.concurrent,META-INF.androidx,
META-INF.androidx.datastore,META-INF.androidx,
META-INF.androidx.glance,META-INF.androidx,
META-INF.androidx.health.connect,META-INF.androidx,
META-INF.androidx.lifecycle,META-INF.androidx,
META-INF.androidx.room,META-INF.androidx,
META-INF.com.android.tools,META-INF.com,
META-INF.com.applovin,META-INF.com,
META-INF.com.github.skydoves,META-INF.com,
META-INF.com.unity3d.ads-mediation,META-INF.com,
META-INF.in.juspay,META-INF.in,
META-INF.io.bidmachine,META-INF.io,
META-INF.io.getstream,META-INF.io,
META-INF.io.purchasely,META-INF.io,
META-INF.maven.com.amazonaws,META-INF.maven,
META-INF.maven.com.google.errorprone,META-INF.maven,
META-INF.maven.com.google.guava,META-INF.maven,
META-INF.maven.com.squareup.retrofit2,META-INF.maven,
META-INF.maven.io.jsonwebtoken,META-INF.maven,
META-INF.maven.io.netty,META-INF.maven,
META-INF.maven.io.socket,META-INF.maven,
META-INF.native-image.com.google.http-client,META-INF.native-image,
META-INF.native-image.io.netty,META-INF.native-image,
META-INF.native-image.io.opentelemetry,META-INF.native-image,
SCL.lombok.Class50.lombok,SCL.lombok,
SCL.lombok.lombok,SCL.lombok,
SCL.lombok.org.objectweb.asm,SCL.lombok,
a.a.a.b,a.a,FALSE
a.a.b,a.a,FALSE
a.b.a.a.i,a.b,FALSE
admost.sdk.fairads,admost.sdk,
adsmanager.core.mediation,adsmanager.core,
ai.datatower.ad,ai.datatower,
ai.datatower.analytics,ai.datatower,
ai.datatower.iap,ai.datatower,
ai.turbolink.sdk,ai.turbolink,
alliance.redpacket.forced,alliance.redpacket,
alliance.redpacket.mainpagebus,alliance.redpacket,
anchor.lw.agora.openlive,anchor.lw,
android.arch.core,android.arch,
android.arch.lifecycle,android.arch,
android.arch.persistence,android.arch,
android.common.logging,android.common,
android.common.network,android.common,
android.common.places,android.common,
android.common.push,android.common,
android.gov.nist,android.gov,
android.javax.sip,android.javax,
android.support.v4,android.support,
android.support.v7,android.support,
android.taobao.windvane,android.taobao,
android.xingin.com.spi,android.xingin,
androidx.activity.result,androidx.activity,
androidx.ads.identifier,androidx.ads,
androidx.appcompat.view,androidx.appcompat,
androidx.arch.core,androidx.arch,
androidx.autofill.inline,androidx.autofill,
androidx.b.a,androidx.b,
androidx.browser.trusted,androidx.browser,
androidx.camera.camera2,androidx.camera,
androidx.camera.camera2.internal.compat,androidx.camera,
androidx.camera.core,androidx.camera,
androidx.camera.core.impl.utils,androidx.camera,
androidx.camera.extensions.internal,androidx.camera,
androidx.camera.impl.utils,androidx.camera,
androidx.camera.video,androidx.camera,
androidx.camera.video.internal,androidx.camera,
androidx.camera.view,androidx.camera,
androidx.car.app,androidx.car,
androidx.compose.animation,androidx.compose,
androidx.compose.foundation,androidx.compose,
androidx.compose.material,androidx.compose,
androidx.compose.material3,androidx.compose,
androidx.compose.runtime,androidx.compose,
androidx.compose.ui,androidx.compose,
androidx.constraintlayout.core,androidx.constraintlayout,
androidx.constraintlayout.motion,androidx.constraintlayout,
androidx.constraintlayout.solver,androidx.constraintlayout,
androidx.core.app,androidx.core,
androidx.core.content,androidx.core,
androidx.core.database,androidx.core,
androidx.core.graphics,androidx.core,
androidx.core.hardware,androidx.core,
androidx.core.internal,androidx.core,
androidx.core.telecom,androidx.core,
androidx.core.telephony,androidx.core,
androidx.core.text,androidx.core,
androidx.core.view,androidx.core,
androidx.credentials.exceptions,androidx.credentials,
androidx.credentials.playservices.controllers,androidx.credentials,
androidx.datastore.core,androidx.datastore,
androidx.datastore.preferences,androidx.datastore,
androidx.fragment.app,androidx.fragment,
androidx.glance.appwidget,androidx.glance,
androidx.health.connect.client,androidx.health,
androidx.health.platform.client,androidx.health,
androidx.legacy.support.v4,androidx.legacy,
androidx.lifecycle.lifecycle.runtime,androidx.lifecycle,
androidx.lifecycle.lifecycle.viewmodel,androidx.lifecycle,
androidx.lifecycle.livedata,androidx.lifecycle,
androidx.lifecycle.livedata.core,androidx.lifecycle,
androidx.lifecycle.runtime,androidx.lifecycle,
androidx.lifecycle.viewmodel,androidx.lifecycle,
androidx.media2.exoplayer.external,androidx.media2,
androidx.media2.player,androidx.media2,
androidx.media3.common,androidx.media3,
androidx.media3.datasource,androidx.media3,
androidx.media3.decoder,androidx.media3,
androidx.media3.exoplayer,androidx.media3,
androidx.media3.extractor,androidx.media3,
androidx.media3.extractor.metadata,androidx.media3,
androidx.media3.ui.compose,androidx.media3,
androidx.navigation3.deeplink,androidx.navigation3,
androidx.privacysandbox.ads.adservices,androidx.privacysandbox,
androidx.privacysandbox.ads.adservices.java,androidx.privacysandbox,
androidx.room.compiler,androidx.room,
androidx.room.jarjarred,androidx.room,
androidx.room.jarjarred.org,androidx.room,
androidx.room.parser,androidx.room,
androidx.room.processor,androidx.room,
androidx.room.solver,androidx.room,
androidx.sqlite.db,androidx.sqlite,
androidx.test.core,androidx.test,
androidx.test.espresso,androidx.test,
androidx.test.ext.junit,androidx.test,
androidx.test.internal,androidx.test,
androidx.test.orchestrator,androidx.test,
androidx.test.platform,androidx.test,
androidx.test.rule,androidx.test,
androidx.test.runner,androidx.test,
androidx.test.services,androidx.test,
androidx.test.services.events,androidx.test,
androidx.test.services.storage,androidx.test,
androidx.tracing.perfetto,androidx.tracing,
androidx.wear.compose,androidx.wear,
androidx.window.area,androidx.window,
androidx.window.extensions.core,androidx.window,
androidx.window.java,androidx.window,
androidx.window.layout,androidx.window,
androidx.window.layout.adapter,androidx.window,
androidx.work.impl,androidx.work,
androidx.xr.runtime,androidx.xr,
anet.channel.strategy,anet.channel,
app.appcommon.media,app.appcommon,
app.cash.sqldelight,app.cash,
app.effectum.filter,app.effectum,
app.network.business,app.network,
app.network.datakt,app.network,
app.nicegram.domain,app.nicegram,
app.notifee.core,app.notifee,
app.reality.data,app.reality,
app.reality.feature,app.reality,
app.reality.libraries,app.reality,
app.rive.runtime.kotlin,app.rive,
app.sarhne.com,app.sarhne,
app.viewmodel.character,app.viewmodel,
app.viewmodel.galaxy,app.viewmodel,
app.viewmodel.home,app.viewmodel,
app.viewmodel.me,app.viewmodel,
app.viewmodel.newmain,app.viewmodel,
app.viewmodel.profile,app.viewmodel,
app.viewmodel.purchase,app.viewmodel,
app.viewmodel.settings,app.viewmodel,
app.viewmodel.signin,app.viewmodel,
app.viewmodel.voicecall,app.viewmodel,
app.viewmodel.wallet,app.viewmodel,
app.whoo.data,app.whoo,
app.whoo.service,app.whoo,
app.whoo.ui,app.whoo,
ar.com.hjg.pngj,ar.com,
audience_network.classes.org.checkerframework,audience_network.classes,
audience_network.classes2.com,audience_network.classes2,
audience_network.classes2.kotlin,audience_network.classes2,
audience_network.com.facebook,audience_network.com,
audience_network.com.facebook.ads,audience_network.com,
audience_network.com.google,audience_network.com,
audience_network.javax.annotation,audience_network.javax,
aws.sdk.kotlin,aws.sdk,
aws.smithy.kotlin.runtime,aws.smithy,
b.a.a.a.c,b.a,FALSE
b.b.a,b.b,FALSE
backtraceio.library.models,backtraceio.library,
base.arch.mvi,base.arch,
base.okhttp.api,base.okhttp,
base.sys.share,base.sys,
base.sys.web,base.sys,
base.toptop.socket,base.toptop,
base.toptop.syncbox,base.toptop,
base.widget.alert,base.widget,
base.widget.datapicker,base.widget,
bereal.app.features,bereal.app,
bereal.app.navigation,bereal.app,
bereal.app.profile.ui.v4,bereal.app,
bigo.sg.networkanalyze,bigo.sg,
biz.cunning.cunning_document_scanner.fallback,biz.cunning,
blind.ivker.lynxi,blind.ivker,
blind.ivker.renders,blind.ivker,
brut.androlib.res,brut.androlib,
build.android.javadoc.io.agora,build.android,
by.chemerisuk.cordova,by.chemerisuk,
by.kirich1409.viewbindingdelegate,by.kirich1409,
bytekn.foundation.concurrent,bytekn.foundation,
c.b.a,c.b,FALSE
c.b.c.a,c.b,FALSE
c.b.d,c.b,FALSE
c.c.a,c.c,FALSE
c.c.d,c.c,FALSE
c.e.b,c.e,FALSE
c.e.e.n,c.e,FALSE
c.e.e.q,c.e,FALSE
c.e.e.v,c.e,FALSE
c.e.f,c.e,FALSE
c.f.a,c.f,FALSE
c.f.b,c.f,FALSE
c.g.a,c.g,FALSE
c.i.a,c.i,FALSE
cafe.adriel.voyager,cafe.adriel,
cat.ereza.customactivityoncrash,cat.ereza,
cc.admaster.android,cc.admaster,
cc.dd.bb,cc.dd,FALSE
cc.dd.dd.ee,cc.dd,FALSE
cc.dd.dd.u,cc.dd,FALSE
cc.dd.dd.v,cc.dd,FALSE
cc.dd.ee,cc.dd,FALSE
cc.dd.gg,cc.dd,FALSE
cc.dd.hh,cc.dd,FALSE
cc.stix.hashb,cc.stix,
ch.boye.httpclientandroidlib,ch.boye,
ch.hsr.geohash,ch.hsr,
ch.qos.logback,ch.qos,
ch.qos.logback.classic,ch.qos,
chat.arabic.arabicapk,chat.arabic,
chat.hifun.android,chat.hifun,
chip.devicecontroller.cluster,chip.devicecontroller,
cn.android.lib,cn.android,
cn.android.soulapp.lib.lib_anisurface,cn.android,
cn.bertsir.zbar,cn.bertsir,
cn.bingoogolapple.photopicker,cn.bingoogolapple,
cn.com.chinatelecom.account,cn.com,
cn.com.hjq.shape,cn.com,
cn.finalteam.galleryfinal.widget,cn.finalteam,
cn.fly.commons,cn.fly,
cn.fly.tcp,cn.fly,
cn.fly.tools,cn.fly,
cn.gem.cpnt_chat,cn.gem,
cn.gem.cpnt_explore,cn.gem,
cn.gem.cpnt_home,cn.gem,
cn.gem.cpnt_login,cn.gem,
cn.gem.cpnt_party,cn.gem,
cn.gem.cpnt_startup,cn.gem,
cn.gem.cpnt_user,cn.gem,
cn.gem.lib_analytics,cn.gem,
cn.gem.lib_edit,cn.gem,
cn.gem.lib_im,cn.gem,
cn.gem.lib_party,cn.gem,
cn.gem.lib_pay,cn.gem,
cn.gem.lib_rtc,cn.gem,
cn.gem.lib_thirdlogin,cn.gem,
cn.gem.middle_platform,cn.gem,
cn.hutool.ai.model,cn.hutool,
cn.hutool.aop,cn.hutool,
cn.hutool.bloomfilter,cn.hutool,
cn.hutool.cache,cn.hutool,
cn.hutool.core,cn.hutool,
cn.hutool.cron,cn.hutool,
cn.hutool.crypto,cn.hutool,
cn.hutool.db,cn.hutool,
cn.hutool.extra,cn.hutool,
cn.hutool.http,cn.hutool,
cn.hutool.log,cn.hutool,
cn.hutool.poi,cn.hutool,
cn.hutool.setting,cn.hutool,
cn.jarlen.photoedit,cn.jarlen,
cn.jiguang.a,cn.jiguang,
cn.jiguang.common.app,cn.jiguang,
cn.jiguang.commons,cn.jiguang,
cn.jiguang.d,cn.jiguang,
cn.jiguang.g,cn.jiguang,
cn.jiguang.plugin,cn.jiguang,
cn.jiguang.verifysdk,cn.jiguang,
cn.jpush.android,cn.jpush,
cn.kkmofang.view,cn.kkmofang,
cn.mate.android,cn.mate,
cn.mini1.utils,cn.mini1,
cn.nubia.neopush,cn.nubia,
cn.qqtheme.framework,cn.qqtheme,
cn.rongcloud.im.wrapper,cn.rongcloud,
cn.rongcloud.rtc,cn.rongcloud,
cn.rongcloud.wrapper,cn.rongcloud,
cn.secret.android.mediaedit,cn.secret,
cn.secret.videoeffect,cn.secret,
cn.secretapp.android,cn.secretapp,
cn.secretapp.media,cn.secretapp,
cn.sharesdk.framework,cn.sharesdk,
cn.sharesdk.loopshare,cn.sharesdk,
cn.sharesdk.onekeyshare.themes.classic,cn.sharesdk,
cn.sharesdk.sina.weibo,cn.sharesdk,
cn.sharesdk.tencent,cn.sharesdk,
cn.sharesdk.wechat,cn.sharesdk,
cn.soul.android,cn.soul,
cn.soul.insight,cn.soul,
cn.soul.insight.launchpipeline.core,cn.soul,
cn.soul.lib,cn.soul,
cn.soul.sa.common.kit,cn.soul,
cn.soul.videoeffect,cn.soul,
cn.soulandroid.souljbox2d,cn.soulandroid,
cn.soulapp.android,cn.soulapp,
cn.soulapp.baseutility,cn.soulapp,
cn.soulapp.cpnt_voiceparty,cn.soulapp,
cn.soulapp.imlib,cn.soulapp,
cn.soulapp.immid,cn.soulapp,
cn.soulapp.lib,cn.soulapp,
cn.soulapp.sl_cv_core,cn.soulapp,
cn.taqu.hwsj,cn.taqu,
cn.taqu.lib,cn.taqu,
cn.thinkinganalyticsclone.android,cn.thinkinganalyticsclone,
cn.thinkingdata.analytics,cn.thinkingdata,
cn.thinkingdata.android,cn.thinkingdata,
cn.thinkingdata.core,cn.thinkingdata,
cn.tongdun.android,cn.tongdun,
cn.tongdun.mobrisk,cn.tongdun,
cn.udesk.camera,cn.udesk,
cn.udesk.photoselect,cn.udesk,
cn.wh.auth,cn.wh,FALSE
cn.wufuqi.nbnotification,cn.wufuqi,
cn.xiaochuan.push,cn.xiaochuan,
cn.xiaochuankeji.gift,cn.xiaochuankeji,
cn.xiaochuankeji.tieba,cn.xiaochuankeji,
co.1.yellw,co.1,FALSE
co.ab180.airbridge,co.ab180,
co.ab180.dependencies,co.ab180,
co.adison.offerwall,co.adison,
co.benx.weverse,co.benx,
co.daily.internal,co.daily,
co.daily.model,co.daily,
co.daily.webrtc,co.daily,
co.prado.ads,co.prado,
co.touchlab.stately,co.touchlab,
co.twelveapp.nucleus.core,co.twelveapp,
co.weverse.account,co.weverse,
co.weverse.biz,co.weverse,
co.weverse.collection,co.weverse,
co.weverse.lens,co.weverse,
co.weverse.mapandwaittimes,co.weverse,
co.yellow.erizo,co.yellow,
co.yellow.socketclusterclient,co.yellow,
co.yellw.common,co.yellw,
co.yellw.core,co.yellw,
co.yellw.data,co.yellw,
co.yellw.fastadd.presentation.ui,co.yellw,
co.yellw.features,co.yellw,
co.zoeapp.core,co.zoeapp,
co.zoeapp.feature,co.zoeapp,
co.zoeapp.verification,co.zoeapp,
com.HoYoverse.hkrpgoversea,com.HoYoverse,
com.aa.swipe,com.aa,
com.abedelazizshe.lightcompressorlibrary,com.abedelazizshe,
com.adam4adam.radar2,com.adam4adam,
com.adapty.internal,com.adapty,
com.adapty.ui,com.adapty,
com.adealink.frame,com.adealink,
com.adealink.weparty,com.adealink,
com.adfly.sdk,com.adfly,
com.adgatemedia.sdk,com.adgatemedia,
com.adgem.android.internal,com.adgem,
com.adjust.sdk,com.adjust,
com.adobe.air,com.adobe,
com.adobe.flashruntime,com.adobe,
com.adobe.internal.xmp,com.adobe,
com.adobe.xmp,com.adobe,
com.adplus.sdk,com.adplus,
com.adsbynimbus.openrtb,com.adsbynimbus,
com.adsbynimbus.render,com.adsbynimbus,
com.adverty.android,com.adverty,
com.adxcorp.ads,com.adxcorp,
com.adxcorp.library,com.adxcorp,
com.adyen.checkout,com.adyen,
com.adyen.threeds2,com.adyen,
com.afollestad.materialdialogs,com.afollestad,
com.afollestad.materialdialogs.internal,com.afollestad,
com.agrawalsuneet.dotsloader,com.agrawalsuneet,
com.ah.downloader,com.ah,
com.ah.frame,com.ah,
com.ah.game,com.ah,
com.ah.goldeneye,com.ah,
com.ah.js_bridge,com.ah,
com.ah.nettier,com.ah,
com.ah.offline_resource,com.ah,
com.ah.pay,com.ah,
com.ah.raynet,com.ah,
com.ah.statistics,com.ah,
com.ahchat.app,com.ahchat,
com.ahchat.module,com.ahchat,
com.aice.appstartfaster,com.aice,
com.aida.app,com.aida,
com.aigc.ushow,com.aigc,
com.aigestudio.wheelpicker,com.aigestudio,
com.aiplatform.processors,com.aiplatform,
com.aiplatform.tools,com.aiplatform,
com.airbnb.android,com.airbnb,
com.airbnb.android.showkase,com.airbnb,
com.airbnb.epoxy,com.airbnb,
com.airbnb.lottie,com.airbnb,
com.airbnb.lottie.model,com.airbnb,
com.airbnb.paris,com.airbnb,
com.airisdk.sdkcall,com.airisdk,
com.airland.simpledanmuku,com.airland,
com.airtime.primus,com.airtime,
com.ajguan.library,com.ajguan,
com.akexorcist.localizationactivity,com.akexorcist,
com.akexorcist.roundcornerprogressbar,com.akexorcist,
com.alexvasilkov.gestures,com.alexvasilkov,
com.ali.auth.third,com.ali,
com.alibaba.alibclinkpartner,com.alibaba,
com.alibaba.android,com.alibaba,
com.alibaba.android.arouter,com.alibaba,
com.alibaba.android.bindingx,com.alibaba,
com.alibaba.android.vlayout,com.alibaba,
com.alibaba.baichuan,com.alibaba,
com.alibaba.fastjson,com.alibaba,
com.alibaba.mtl,com.alibaba,
com.alibaba.pdns,com.alibaba,
com.alibaba.sdk,com.alibaba,
com.alibaba.sdk.android,com.alibaba,
com.alibaba.sdk.android.oss,com.alibaba,
com.alibaba.security,com.alibaba,
com.alibaba.wireless.security,com.alibaba,
com.alibaba.wireless.security.open,com.alibaba,
com.alicom.tools,com.alicom,
com.alilive.adapter,com.alilive,
com.alipay.a,com.alipay,
com.alipay.alipaysecuritysdk,com.alipay,
com.alipay.ams.component,com.alipay,
com.alipay.android,com.alipay,
com.alipay.android.phone.zoloz,com.alipay,
com.alipay.apmobilesecuritysdk,com.alipay,
com.alipay.biometrics,com.alipay,
com.alipay.bis,com.alipay,
com.alipay.edge.legacy,com.alipay,
com.alipay.face,com.alipay,
com.alipay.mobile,com.alipay,
com.alipay.mobile.security,com.alipay,
com.alipay.plus.webview,com.alipay,
com.alipay.sdk,com.alipay,
com.alipay.security.mobile.module,com.alipay,
com.alipay.share.sdk,com.alipay,
com.alipay.tscenter.biz.rpc,com.alipay,
com.alipay.vi,com.alipay,
com.alipay.zoloz,com.alipay,
com.alipay.zoloz.toyger,com.alipay,
com.alivc.component,com.alivc,
com.alivc.live,com.alivc,
com.alivc.rtc,com.alivc,
com.aliyun.TigerTally,com.aliyun,
com.aliyun.aio,com.aliyun,
com.aliyun.android.libqueen,com.aliyun,
com.aliyun.common,com.aliyun,
com.aliyun.identity,com.aliyun,
com.aliyun.liveshift,com.aliyun,
com.aliyun.player,com.aliyun,
com.aliyun.sls.android,com.aliyun,
com.aliyun.sls.android.producer,com.aliyun,
com.aliyun.sls.android.sdk,com.aliyun,
com.aliyun.vod,com.aliyun,
com.alxad.control,com.alxad,
com.alxad.glittle,com.alxad,
com.alxad.view,com.alxad,
com.am1goo.bloodseeker,com.am1goo,
com.amap.api,com.amap,
com.amazing.sdk.android.aws,com.amazing,
com.amazon.a,com.amazon,
com.amazon.aps,com.amazon,
com.amazon.aps.ads,com.amazon,
com.amazon.aps.shared,com.amazon,
com.amazon.cptplugins,com.amazon,
com.amazon.d,com.amazon,
com.amazon.device,com.amazon,
com.amazon.device.iap,com.amazon,
com.amazon.identity.auth,com.amazon,
com.amazonaws.amplify,com.amazonaws,
com.amazonaws.auth.policy,com.amazonaws,
com.amazonaws.cognito.clientcontext,com.amazonaws,
com.amazonaws.http,com.amazonaws,
com.amazonaws.internal,com.amazonaws,
com.amazonaws.ivs,com.amazonaws,
com.amazonaws.mobile,com.amazonaws,
com.amazonaws.mobileconnectors,com.amazonaws,
com.amazonaws.mobileconnectors.s3,com.amazonaws,
com.amazonaws.services,com.amazonaws,
com.amazonaws.services.chime.sdk.meetings,com.amazonaws,
com.amplifyframework.api,com.amplifyframework,
com.amplifyframework.auth,com.amplifyframework,
com.amplifyframework.core,com.amplifyframework,
com.amplifyframework.datastore,com.amplifyframework,
com.amplifyframework.geo,com.amplifyframework,
com.amplifyframework.kotlin,com.amplifyframework,
com.amplifyframework.predictions,com.amplifyframework,
com.amplifyframework.statemachine,com.amplifyframework,
com.amplifyframework.statemachine.codegen,com.amplifyframework,
com.amplifyframework.storage,com.amplifyframework,
com.amplifyframework.ui,com.amplifyframework,
com.amplifyframework.ui.liveness,com.amplifyframework,
com.amplitude.android,com.amplitude,
com.amplitude.android.internal,com.amplitude,
com.amplitude.common,com.amplitude,
com.amplitude.core,com.amplitude,
com.amplitude.experiment,com.amplitude,
com.android.apksig,com.android,
com.android.billingclient,com.android,
com.android.crashguard,com.android,
com.android.devicesdk,com.android,
com.android.dingtalk.share.ddsharemodule,com.android,
com.android.dx,com.android,
com.android.dynamiclibrary,com.android,
com.android.ide.common,com.android,
com.android.installreferrer,com.android,
com.android.now,com.android,
com.android.recycleviewhelper.adapter,com.android,
com.android.repository,com.android,
com.android.sdklib,com.android,
com.android.vending,com.android,
com.android.vending.expansion,com.android,
com.android.video,com.android,
com.android.volley,com.android,
com.androidrtc.chat,com.androidrtc,
com.androidrtc.core,com.androidrtc,
com.androidrtc.im,com.androidrtc,
com.androidrtc.report.sdk,com.androidrtc,
com.androidtool.common,com.androidtool,
com.androidx.faceunity,com.androidx,
com.anish.trust_fall,com.anish,
com.annimon.stream,com.annimon,
com.ansca.corona,com.ansca,
com.anythink.banner,com.anythink,
com.anythink.basead,com.anythink,
com.anythink.cocosjs,com.anythink,
com.anythink.core,com.anythink,
com.anythink.expressad,com.anythink,
com.anythink.interstitial,com.anythink,
com.anythink.nativead,com.anythink,
com.anythink.network,com.anythink,
com.anythink.rewardvideo,com.anythink,
com.anythink.sdk,com.anythink,
com.anythink.splashad,com.anythink,
com.ap.android.trunk.sdk,com.ap,
com.ap.zoloz,com.ap,
com.apd.sdk.tick.bqqmpwfjo,com.apd,
com.apkfuns.commomlibrary,com.apkfuns,
com.apkfuns.logutils,com.apkfuns,
com.apkfuns.publicroomlibrary,com.apkfuns,
com.aplusjapan.aplussdk.base,com.aplusjapan,
com.apm.insight,com.apm,
com.apm.lite,com.apm,
com.apollographql.apollo,com.apollographql,
com.apollographql.apollo3,com.apollographql,
com.app.followersfollowing,com.app,
com.app.hubert.guide,com.app,
com.app.ui,com.app,
com.app_ui.widget,com.app_ui,
com.appboy.models,com.appboy,
com.appboy.ui,com.appboy,
com.appcoins.sdk.billing,com.appcoins,
com.appff.haptic,com.appff,
com.appharbr.sdk,com.appharbr,
com.appharbr.unity.mediation,com.appharbr,
com.apphud.sdk,com.apphud,
com.applovin.exoplayer2,com.applovin,
com.applovin.impl,com.applovin,
com.applovin.mediation,com.applovin,
com.applovin.shadow,com.applovin,
com.appnext.ads,com.appnext,
com.appnext.base,com.appnext,
com.appnext.core,com.appnext,
com.appnext.nativeads.designed_native_ads,com.appnext,
com.appodeal.ads,com.appodeal,
com.appodeal.consent,com.appodeal,
com.appsflyer.adrevenue,com.appsflyer,
com.appsflyer.internal,com.appsflyer,
com.appsflyer.unity,com.appsflyer,
com.appsomniacs.core,com.appsomniacs,
com.appspot.scruffapp,com.appspot,
com.apptimism.internal,com.apptimism,
com.appvillis.assistant_core,com.appvillis,
com.appvillis.bridges,com.appvillis,
com.appvillis.core_network,com.appvillis,
com.appvillis.core_resources,com.appvillis,
com.appvillis.feature_account_export,com.appvillis,
com.appvillis.feature_ai_agents,com.appvillis,
com.appvillis.feature_ai_chat,com.appvillis,
com.appvillis.feature_ai_shortcuts,com.appvillis,
com.appvillis.feature_analytics,com.appvillis,
com.appvillis.feature_attention_economy,com.appvillis,
com.appvillis.feature_auth,com.appvillis,
com.appvillis.feature_avatar_generator,com.appvillis,
com.appvillis.feature_gods_eye,com.appvillis,
com.appvillis.feature_keywords,com.appvillis,
com.appvillis.feature_nicegram_assistant,com.appvillis,
com.appvillis.feature_nicegram_billing,com.appvillis,
com.appvillis.feature_nicegram_client,com.appvillis,
com.appvillis.feature_nuhub,com.appvillis,
com.appvillis.feature_onboarding_steps,com.appvillis,
com.appvillis.feature_rewards,com.appvillis,
com.appvillis.feature_user_activities,com.appvillis,
com.appvillis.lib_android_base,com.appvillis,
com.appvillis.nicegram,com.appvillis,
com.appvillis.rep_placements,com.appvillis,
com.appvillis.rep_remote_config,com.appvillis,
com.appvillis.rep_user,com.appvillis,
com.arch.view,com.arch,
com.arialyy.aria,com.arialyy,
com.aries.ui,com.aries,
com.arkoselabs.sdk,com.arkoselabs,
com.artifexmundi.featurepack,com.artifexmundi,
com.artifexmundi.sparkpromo,com.artifexmundi,
com.asabri.client,com.asabri,
com.asf.appcoins.sdk.ads,com.asf,
com.ashokvarma.bottomnavigation,com.ashokvarma,
com.asus.msa,com.asus,
com.atlasv.android,com.atlasv,
com.au10tix.faceliveness,com.au10tix,
com.au10tix.poa,com.au10tix,
com.au10tix.sdk,com.au10tix,
com.au10tix.smartDocument,com.au10tix,
com.audio.bighorn,com.audio,
com.audio.birthdayparty,com.audio,
com.audio.bossseat,com.audio,
com.audio.bottombar,com.audio,
com.audio.core,com.audio,
com.audio.cp,com.audio,
com.audio.emoji,com.audio,
com.audio.gift,com.audio,
com.audio.highvalue,com.audio,
com.audio.inputpanel,com.audio,
com.audio.joineffect,com.audio,
com.audio.minicard,com.audio,
com.audio.msg,com.audio,
com.audio.operation,com.audio,
com.audio.pk,com.audio,
com.audio.redenvelope,com.audio,
com.audio.rocket,com.audio,
com.audio.roomtype,com.audio,
com.audio.scorekeeper,com.audio,
com.audio.seatswitch,com.audio,
com.audio.superwinner,com.audio,
com.audio.sys,com.audio,
com.audio.themependant,com.audio,
com.audio.toppanel,com.audio,
com.audio.ui,com.audio,
com.audio.vote,com.audio,
com.audiomob.sdk,com.audiomob,
com.audionew.api,com.audionew,
com.audionew.common,com.audionew,
com.audionew.effect,com.audionew,
com.audionew.features,com.audionew,
com.audionew.net.cake.converter,com.audionew,
com.audionew.stat,com.audionew,
com.audionew.storage.db,com.audionew,
com.auth0.android,com.auth0,
com.auth0.jwt,com.auth0,
com.avatye.adcash,com.avatye,
com.axlebolt.integrations,com.axlebolt,
com.azure.core,com.azure,
com.azure.json,com.azure,
com.azure.xml.implementation,com.azure,
com.badambiz.android,com.badambiz,
com.badambiz.anim,com.badambiz,
com.badambiz.app,com.badambiz,
com.badambiz.base,com.badambiz,
com.badambiz.common,com.badambiz,
com.badambiz.debug,com.badambiz,
com.badambiz.dev,com.badambiz,
com.badambiz.gameBox,com.badambiz,
com.badambiz.giftwall,com.badambiz,
com.badambiz.guesswords,com.badambiz,
com.badambiz.httpdns,com.badambiz,
com.badambiz.im,com.badambiz,
com.badambiz.ksp,com.badambiz,
com.badambiz.library,com.badambiz,
com.badambiz.live,com.badambiz,
com.badambiz.login.api,com.badambiz,
com.badambiz.ludo,com.badambiz,
com.badambiz.matching,com.badambiz,
com.badambiz.network,com.badambiz,
com.badambiz.performance.metrics,com.badambiz,
com.badambiz.pey,com.badambiz,
com.badambiz.pk,com.badambiz,
com.badambiz.present,com.badambiz,
com.badambiz.push,com.badambiz,
com.badambiz.rtc,com.badambiz,
com.badambiz.safe,com.badambiz,
com.badambiz.sawa,com.badambiz,
com.badambiz.smartrefresh.layout,com.badambiz,
com.badambiz.sptu,com.badambiz,
com.badambiz.statussync,com.badambiz,
com.badambiz.travel,com.badambiz,
com.badlogic.gdx,com.badlogic,
com.badoo.libraries,com.badoo,
com.badoo.mobile,com.badoo,
com.badoo.payments,com.badoo,
com.badoo.ribs.routing,com.badoo,
com.badoo.settings.notification,com.badoo,
com.baidu.b,com.baidu,
com.baidu.geofence,com.baidu,
com.baidu.idl,com.baidu,
com.baidu.location,com.baidu,
com.baidu.mapapi,com.baidu,
com.baidu.mapauto.auth,com.baidu,
com.baidu.mapsdkplatform,com.baidu,
com.baidu.mshield,com.baidu,
com.baidu.platform,com.baidu,
com.baidu.sec.privacy,com.baidu,
com.baidu.xclient.gdid,com.baidu,
com.baitu.gift,com.baitu,
com.baitu.msgserver,com.baitu,
com.baitu.poppo,com.baitu,
com.baitu.video,com.baitu,
com.banuba.sdk,com.banuba,
com.base.api,com.base,
com.base.arch.mvi,com.base,
com.base.dialog,com.base,
com.base.image,com.base,
com.base.lib_check_email,com.base,
com.base.okhttp,com.base,
com.base.paysdk,com.base,
com.base.sys,com.base,
com.base.ui,com.base,
com.base.widget,com.base,
com.baseflow.geolocator,com.baseflow,
com.batch.android,com.batch,
com.bazooka.libnativead,com.bazooka,
com.bb.cssdk,com.bb,
com.bdchero.data,com.bdchero,
com.bea.xml.stream,com.bea,
com.beauty.lib_face_unity,com.beauty,
com.bee.unisdk,com.bee,
com.beetalk.sdk,com.beetalk,
com.bef.effectsdk,com.bef,
com.beloo.widget.chipslayoutmanager,com.beloo,
com.bendingspoons.concierge,com.bendingspoons,
com.bendingspoons.core,com.bendingspoons,
com.bendingspoons.experiments,com.bendingspoons,
com.bendingspoons.legal,com.bendingspoons,
com.bendingspoons.oracle,com.bendingspoons,
com.bendingspoons.orion,com.bendingspoons,
com.bendingspoons.pico,com.bendingspoons,
com.bendingspoons.secretmenu,com.bendingspoons,
com.bendingspoons.spidersense,com.bendingspoons,
com.bendingspoons.xina,com.bendingspoons,
com.berriz.core,com.berriz,
com.beust.klaxon,com.beust,
com.bigkoo.convenientbanner,com.bigkoo,
com.bigkoo.pickerview,com.bigkoo,
com.bigkoo.quicksidebar,com.bigkoo,
com.bigosdk.goose,com.bigosdk,
com.bilibili.bplus.followingshare,com.bilibili,
com.bimilyoncu.sscoderr.oregltv,com.bimilyoncu,
com.bioid.authenticator,com.bioid,
com.bite.facebeauty,com.bite,
com.biz.account,com.biz,
com.biz.accountswitch,com.biz,
com.biz.apk,com.biz,
com.biz.app,com.biz,
com.biz.audio,com.biz,
com.biz.auth,com.biz,
com.biz.av,com.biz,
com.biz.backpack,com.biz,
com.biz.beautify,com.biz,
com.biz.beauty,com.biz,
com.biz.carjoin,com.biz,
com.biz.chat,com.biz,
com.biz.coin,com.biz,
com.biz.country,com.biz,
com.biz.db,com.biz,
com.biz.decoavatar,com.biz,
com.biz.dialog,com.biz,
com.biz.equip,com.biz,
com.biz.explosure,com.biz,
com.biz.fake,com.biz,
com.biz.family,com.biz,
com.biz.feed,com.biz,
com.biz.gesture,com.biz,
com.biz.gift,com.biz,
com.biz.giftbase,com.biz,
com.biz.gifthall,com.biz,
com.biz.giftpanel,com.biz,
com.biz.greedycat,com.biz,
com.biz.greet,com.biz,
com.biz.group,com.biz,
com.biz.guard,com.biz,
com.biz.highvalue,com.biz,
com.biz.honorarytitle,com.biz,
com.biz.im,com.biz,
com.biz.image.browser,com.biz,
com.biz.income,com.biz,
com.biz.invite,com.biz,
com.biz.joinbar,com.biz,
com.biz.level,com.biz,
com.biz.live,com.biz,
com.biz.ludo,com.biz,
com.biz.me,com.biz,
com.biz.medal,com.biz,
com.biz.mediaselect,com.biz,
com.biz.module.feed,com.biz,
com.biz.msg,com.biz,
com.biz.newusertask,com.biz,
com.biz.party,com.biz,
com.biz.paycoin,com.biz,
com.biz.photoauth,com.biz,
com.biz.playlet,com.biz,
com.biz.qrcode,com.biz,
com.biz.rank,com.biz,
com.biz.ranking,com.biz,
com.biz.rate,com.biz,
com.biz.rechargelottery,com.biz,
com.biz.relation,com.biz,
com.biz.report,com.biz,
com.biz.search,com.biz,
com.biz.seller,com.biz,
com.biz.setting,com.biz,
com.biz.share,com.biz,
com.biz.sign,com.biz,
com.biz.splash,com.biz,
com.biz.sticker,com.biz,
com.biz.subscription,com.biz,
com.biz.test,com.biz,
com.biz.user,com.biz,
com.biz.video.play,com.biz,
com.biz.visitor,com.biz,
com.blackbox.plog,com.blackbox,
com.blankj.utilcode,com.blankj,
com.blindid.biduilibrary,com.blindid,
com.blinkmap.cartography,com.blinkmap,
com.blinkmap.component,com.blinkmap,
com.blinkmap.core,com.blinkmap,
com.blinkmap.database,com.blinkmap,
com.blinkmap.feature,com.blinkmap,
com.blinkmap.location,com.blinkmap,
com.blinkmap.media,com.blinkmap,
com.blinkmap.platform,com.blinkmap,
com.blinkmap.system,com.blinkmap,
com.blitz.livesdk,com.blitz,
com.bloks.components,com.bloks,
com.bloks.foa,com.bloks,
com.blue.dm,com.blue,
com.blue.studio,com.blue,
com.blued.android,com.blued,
com.blued.bytedance_library.bytedance,com.blued,
com.blued.das,com.blued,
com.blued.international,com.blued,
com.blued.library.adapter.base,com.blued,
com.bluejamesbond.text,com.bluejamesbond,
com.bluetrum.fota,com.bluetrum,
com.bluex.sdk,com.bluex,
com.bm.base,com.bm,
com.borax12.materialdaterangepicker,com.borax12,
com.braintreepayments.api,com.braintreepayments,
com.brandio.ads,com.brandio,
com.braze.events,com.braze,
com.braze.models,com.braze,
com.braze.requests,com.braze,
com.braze.triggers,com.braze,
com.braze.ui,com.braze,
com.braze.unity,com.braze,
com.brentvatne.common,com.brentvatne,
com.brightcove.player,com.brightcove,
com.broadcom.bt,com.broadcom,
com.bugsee.library,com.bugsee,
com.bugsnag.android,com.bugsnag,
com.bullfrog.particle,com.bullfrog,
com.bumble.app,com.bumble,
com.bumble.bumblepromo,com.bumble,
com.bumble.camerax,com.bumble,
com.bumble.chat_media_capturer,com.bumble,
com.bumble.chatfeatures,com.bumble,
com.bumble.coaching,com.bumble,
com.bumble.design,com.bumble,
com.bumble.feedback,com.bumble,
com.bumble.flashsalespromo,com.bumble,
com.bumble.helphub,com.bumble,
com.bumble.models,com.bumble,
com.bumble.photogallery,com.bumble,
com.bumble.promo,com.bumble,
com.bumble.revenueonboarding,com.bumble,
com.bumble.videoeditor,com.bumble,
com.bumblebff.app,com.bumblebff,
com.bumptech.glide,com.bumptech,
com.bumptech.glide.load,com.bumptech,
com.bun.miitmdid,com.bun,
com.buque.sud,com.buque,
com.buque.wakoo,com.buque,
com.buz.idl,com.buz,
com.buzzvil.auth,com.buzzvil,
com.buzzvil.bi,com.buzzvil,
com.buzzvil.booster,com.buzzvil,
com.buzzvil.buzzad,com.buzzvil,
com.buzzvil.buzzbanner,com.buzzvil,
com.buzzvil.buzzbenefit,com.buzzvil,
com.buzzvil.buzzresource,com.buzzvil,
com.buzzvil.buzzsdkmediator,com.buzzvil,
com.buzzvil.entrypoint,com.buzzvil,
com.buzzvil.glide,com.buzzvil,
com.buzzvil.lib,com.buzzvil,
com.buzzvil.lottie,com.buzzvil,
com.buzzvil.permission.internal,com.buzzvil,
com.buzzvil.universalimageloader,com.buzzvil,
com.bykv.vk.openvk,com.bykv,
com.bykv.vk.openvk.component.video,com.bykv,
com.bykv.vk.openvk.preload,com.bykv,
com.byox.drawview,com.byox,
com.bytedance.a,com.bytedance,
com.bytedance.ad.common.uaid.identity,com.bytedance,
com.bytedance.ads.convert,com.bytedance,
com.bytedance.adsdk,com.bytedance,
com.bytedance.android,com.bytedance,
com.bytedance.android.monitor,com.bytedance,
com.bytedance.apm,com.bytedance,
com.bytedance.applog,com.bytedance,
com.bytedance.article.common.monitor,com.bytedance,
com.bytedance.assem.arch,com.bytedance,
com.bytedance.bae,com.bytedance,
com.bytedance.bdinstall,com.bytedance,
com.bytedance.bdturing,com.bytedance,
com.bytedance.bduploaderlite,com.bytedance,
com.bytedance.bmf_mods,com.bytedance,
com.bytedance.bpea,com.bytedance,
com.bytedance.common,com.bytedance,
com.bytedance.crash,com.bytedance,
com.bytedance.dr,com.bytedance,
com.bytedance.forest,com.bytedance,
com.bytedance.frameworks,com.bytedance,
com.bytedance.framwork.core,com.bytedance,
com.bytedance.geckox,com.bytedance,
com.bytedance.gmvideoplayer,com.bytedance,
com.bytedance.helios,com.bytedance,
com.bytedance.http,com.bytedance,
com.bytedance.hybrid,com.bytedance,
com.bytedance.ies,com.bytedance,
com.bytedance.incentive,com.bytedance,
com.bytedance.jedi,com.bytedance,
com.bytedance.labcv,com.bytedance,
com.bytedance.lighten,com.bytedance,
com.bytedance.live,com.bytedance,
com.bytedance.lynx,com.bytedance,
com.bytedance.mobsec,com.bytedance,
com.bytedance.monitor,com.bytedance,
com.bytedance.news.common.service.manager,com.bytedance,
com.bytedance.perf,com.bytedance,
com.bytedance.pitaya.cep_engine,com.bytedance,
com.bytedance.pns,com.bytedance,
com.bytedance.provider,com.bytedance,
com.bytedance.pumbaa,com.bytedance,
com.bytedance.push,com.bytedance,
com.bytedance.realx,com.bytedance,
com.bytedance.retrofit2,com.bytedance,
com.bytedance.router,com.bytedance,
com.bytedance.ruler,com.bytedance,
com.bytedance.scene,com.bytedance,
com.bytedance.sdk,com.bytedance,
com.bytedance.sdk.bridge,com.bytedance,
com.bytedance.sdk.open.tiktok,com.bytedance,
com.bytedance.services,com.bytedance,
com.bytedance.sync,com.bytedance,
com.bytedance.sysoptimizer,com.bytedance,
com.bytedance.tiktok,com.bytedance,
com.bytedance.touchpoint,com.bytedance,
com.bytedance.tracing,com.bytedance,
com.bytedance.ttgame,com.bytedance,
com.bytedance.ttnet,com.bytedance,
com.bytedance.ttsdk,com.bytedance,
com.bytedance.tux,com.bytedance,
com.bytedance.ugc,com.bytedance,
com.bytedance.vcloud,com.bytedance,
com.bytedance.vmsdk,com.bytedance,
com.bytedance.watson.assist,com.bytedance,
com.bytedance.zoin,com.bytedance,
com.bz.maps,com.bz,
com.bzc.android,com.bzc,
com.camel.corp.universalcopy,com.camel,
com.campmobile.band.annotations,com.campmobile,
com.campmobile.core,com.campmobile,
com.camshare.camfrog,com.camshare,
com.canhub.cropper,com.canhub,
com.cantina.bartender,com.cantina,
com.cantina.features,com.cantina,
com.capa.challenge_card,com.capa,
com.capa.follow,com.capa,
com.capa.interactive,com.capa,
com.capacitorjs.plugins,com.capacitorjs,
com.capvpn.capp,com.capvpn,
com.cardinalcommerce.dependencies.internal,com.cardinalcommerce,
com.cardreader.card_reader_lib,com.cardreader,
com.cashfree.pg,com.cashfree,
com.centauri.comm.log,com.centauri,
com.centauri.http,com.centauri,
com.centauri.oversea,com.centauri,
com.chad.library,com.chad,
com.chad.library.adapter,com.chad,
com.chad.library.adapter.base,com.chad,
com.chad.library.adapter4,com.chad,
com.chanven.lib.cptr,com.chanven,
com.chartboost.heliumsdk,com.chartboost,
com.chartboost.sdk,com.chartboost,
com.chat.api,com.chat,
com.chat.auth.core,com.chat,
com.chat.joychat,com.chat,
com.chat.lwchat.message,com.chat,
com.chatgum.ui,com.chatgum,
com.chatous.chatous.chat,com.chatous,
com.chatous.chatous.models,com.chatous,
com.chatous.chatous.push,com.chatous,
com.chatous.chatous.ui,com.chatous,
com.chatta.feature,com.chatta,
com.chatta.member,com.chatta,
com.checkout.android_sdk,com.checkout,
com.chillyroom.sdk,com.chillyroom,
com.chillyroomsdk.sdkbridge,com.chillyroomsdk,
com.chinanetcenter.wcs.android,com.chinanetcenter,
com.chuckerteam.chucker,com.chuckerteam,
com.cicada.player.utils,com.cicada,
com.cjt2325.cameralibrary,com.cjt2325,
com.cleveradssolutions.adapters,com.cleveradssolutions,
com.cleveradssolutions.internal,com.cleveradssolutions,
com.cleveradssolutions.mediation,com.cleveradssolutions,
com.cleveradssolutions.sdk,com.cleveradssolutions,
com.clevertap.android.sdk,com.clevertap,
com.client.tenderu,com.client,
com.cloud.hisavana,com.cloud,
com.cloud.sdk.commonutil,com.cloud,
com.cloudwebrtc.webrtc,com.cloudwebrtc,
com.clubhouse.activity,com.clubhouse,
com.clubhouse.analytics,com.clubhouse,
com.clubhouse.android,com.clubhouse,
com.clubhouse.anonmode,com.clubhouse,
com.clubhouse.audio,com.clubhouse,
com.clubhouse.backchannel,com.clubhouse,
com.clubhouse.channel_rating.core,com.clubhouse,
com.clubhouse.channels,com.clubhouse,
com.clubhouse.chat,com.clubhouse,
com.clubhouse.conversations,com.clubhouse,
com.clubhouse.core,com.clubhouse,
com.clubhouse.data_core,com.clubhouse,
com.clubhouse.discovery,com.clubhouse,
com.clubhouse.events,com.clubhouse,
com.clubhouse.feedv3,com.clubhouse,
com.clubhouse.followlist,com.clubhouse,
com.clubhouse.housepermissionscontrols,com.clubhouse,
com.clubhouse.hyperview,com.clubhouse,
com.clubhouse.invite_v2,com.clubhouse,
com.clubhouse.lib,com.clubhouse,
com.clubhouse.navigation,com.clubhouse,
com.clubhouse.notifications,com.clubhouse,
com.clubhouse.onboarding,com.clubhouse,
com.clubhouse.pairwise_interest_collection,com.clubhouse,
com.clubhouse.pairwise_interests,com.clubhouse,
com.clubhouse.paywall,com.clubhouse,
com.clubhouse.polls,com.clubhouse,
com.clubhouse.profile,com.clubhouse,
com.clubhouse.pubsub,com.clubhouse,
com.clubhouse.rooms,com.clubhouse,
com.clubhouse.social_clubs,com.clubhouse,
com.clubhouse.trendingtopics,com.clubhouse,
com.clubhouse.tts_setup,com.clubhouse,
com.clubhouse.tts_voice,com.clubhouse,
com.clubhouse.wave,com.clubhouse,
com.cmic.gen.sdk,com.cmic,
com.cmic.sso.sdk,com.cmic,
com.cmocmna.sdk,com.cmocmna,
com.codekidlabs.storagechooser,com.codekidlabs,
com.coder.ffmpeg,com.coder,
com.coder.vincent,com.coder,
com.coloros.ocs,com.coloros,
com.coloros.ocs.base,com.coloros,
com.com.bytedance.overseas.sdk,com.com,
com.combosdk.forMDKOS,com.combosdk,
com.combosdk.framework,com.combosdk,
com.combosdk.lib.third,com.combosdk,
com.combosdk.module,com.combosdk,
com.combosdk.support,com.combosdk,
com.common.base,com.common,
com.common.core,com.common,
com.common.datawarehouse,com.common,
com.common.mvvm,com.common,
com.common.network,com.common,
com.common.settings,com.common,
com.common.ui,com.common,
com.commonsware.cwac.cam2,com.commonsware,
com.component.dxbilog,com.component,
com.component.dxbluetooth.lib,com.component,
com.component.dxdatabase.lib,com.component,
com.component.dxfunctionkits,com.component,
com.component.dxhttp,com.component,
com.component.dxpay,com.component,
com.component.dxpuzzelverify,com.component,
com.component.dxrouter,com.component,
com.component.dxsecurity.common,com.component,
com.component.dxsocketio,com.component,
com.component.dxtoy,com.component,
com.component.dxutilcode.lib,com.component,
com.component.dxutils,com.component,
com.component.firebase,com.component,
com.component.toy.thirdpart,com.component,
com.composables.core.androidx,com.composables,
com.comscore.android,com.comscore,
com.comscore.util,com.comscore,
com.connected2.ozzy.c2m,com.connected2,
com.connecto.agoraaudiocall,com.connecto,
com.connecto.analytics,com.connecto,
com.connecto.audiocall,com.connecto,
com.connecto.chat,com.connecto,
com.connecto.commonui,com.connecto,
com.connecto.data,com.connecto,
com.connecto.domain,com.connecto,
com.connecto.home,com.connecto,
com.connecto.notification.statergies,com.connecto,
com.connecto.onboarding,com.connecto,
com.connecto.payment,com.connecto,
com.connecto.payout,com.connecto,
com.connecto.utilities,com.connecto,
com.construct.fast.starter,com.construct,
com.construct.litcomponents,com.construct,
com.construct.party.core,com.construct,
com.contentful.java.cda,com.contentful,
com.core.glcore,com.core,
com.coremedia.iso.boxes,com.coremedia,
com.coremedia.isocopy.boxes,com.coremedia,
com.cosmiclatte.ads,com.cosmiclatte,
com.cosmiclatte.api,com.cosmiclatte,
com.cosmiclatte.core,com.cosmiclatte,
com.cosmiclatte.featureflags,com.cosmiclatte,
com.cosmiclatte.network,com.cosmiclatte,
com.cosmiclatte.thirdparty,com.cosmiclatte,
com.cosmiclatte.thirdparty.assetario,com.cosmiclatte,
com.cosmiclatte.ui,com.cosmiclatte,
com.cosmos.photon,com.cosmos,
com.cps.kds,com.cps,
com.crashlytics.android,com.crashlytics,
com.crazecoder.flutterbugly,com.crazecoder,
com.cretin.www.wheelsruflibrary,com.cretin,
com.criteo.publisher,com.criteo,
com.crossapp.graphql,com.crossapp,
com.crosspromotion.sdk,com.crosspromotion,
com.crowdin.platform,com.crowdin,
com.crushlive.base_lib,com.crushlive,
com.crystal.crystalrangeseekbar,com.crystal,
com.custom.imsdk,com.custom,
com.cutsame.solution,com.cutsame,
com.d.a,com.d,FALSE
com.daimajia.androidanimations.library,com.daimajia,
com.daimajia.easing,com.daimajia,
com.daimajia.swipe,com.daimajia,
com.damonplay.damonps2,com.damonplay,
com.danikula.videocache,com.danikula,
com.danlan.android,com.danlan,
com.darsh.multipleimageselect,com.darsh,
com.datadog.android,com.datadog,
com.datadog.legacy.trace,com.datadog,
com.datadog.opentracing,com.datadog,
com.datadog.trace,com.datadog,
com.dating.chat,com.dating,
com.dating.data,com.dating,
com.dating.device,com.dating,
com.dating.domain,com.dating,
com.davidehrmann.vcdiff,com.davidehrmann,
com.dawa.common_base,com.dawa,
com.dawa.component,com.dawa,
com.dawa.compose,com.dawa,
com.dawa.core,com.dawa,
com.dawa.frame,com.dawa,
com.dawa.launch,com.dawa,
com.dawa.login,com.dawa,
com.dawa.main,com.dawa,
com.dawa.netease,com.dawa,
com.dawa.setting,com.dawa,
com.dawa.user,com.dawa,
com.dawa.wallet,com.dawa,
com.dazz.hoop,com.dazz,
com.dcloud.android,com.dcloud,
com.dcloud.zxing2,com.dcloud,
com.dd.base,com.dd,
com.dena.pokota,com.dena,
com.descope.internal,com.descope,
com.dev.downloader,com.dev,
com.devbrackets.android.exomedia,com.devbrackets,
com.devmarvel.creditcardentry,com.devmarvel,
com.devplay.billing,com.devplay,
com.devplay.breadcrumb,com.devplay,
com.devplay.core,com.devplay,
com.devsisters.gb,com.devsisters,
com.devsisters.lib,com.devsisters,
com.devsisters.plugin,com.devsisters,
com.devtodev.analytics,com.devtodev,
com.devtodev.core,com.devtodev,
com.devtodev.push,com.devtodev,
com.dewmobile.fs,com.dewmobile,
com.dewmobile.sdk,com.dewmobile,
com.dewmobile.transfer,com.dewmobile,
com.dewmobile.usb,com.dewmobile,
com.dexterous.flutterlocalnotifications,com.dexterous,
com.dianping.logan,com.dianping,
com.dianyun.chikii.aigc,com.dianyun,
com.dianyun.component,com.dianyun,
com.dianyun.dygamemedia,com.dianyun,
com.dianyun.dyroom,com.dianyun,
com.dianyun.hybrid.peernode,com.dianyun,
com.dianyun.pcgo,com.dianyun,
com.dianyun.room,com.dianyun,
com.dianyun.web.jsbridge,com.dianyun,
com.didi.drouter,com.didi,
com.didichuxing.doraemonkit,com.didichuxing,
com.didichuxing.doraemonkit.kit,com.didichuxing,
com.didiglobal.booster,com.didiglobal,
com.dieam.reactnativepushnotification,com.dieam,
com.digitalturbine.ignite,com.digitalturbine,
com.dingtone.adcore,com.dingtone,
com.dingtone.adlibrary,com.dingtone,
com.discord.connect,com.discord,
com.distriqt.core,com.distriqt,
com.distriqt.extension,com.distriqt,
com.divmob.jarvis,com.divmob,
com.divmob.slark,com.divmob,
com.djliker.app,com.djliker,
com.dmcbig.mediapicker,com.dmcbig,
com.dobest.analyticshwsdk,com.dobest,
com.dolphin.browser,com.dolphin,
com.donkingliang.groupedadapter,com.donkingliang,
com.donkingliang.imageselector,com.donkingliang,
com.dorianlabs.blindid,com.dorianlabs,
com.doublesymmetry.trackplayer,com.doublesymmetry,
com.draggable.library,com.draggable,
com.drake.brv,com.drake,
com.drake.spannable,com.drake,
com.drew.imaging,com.drew,
com.drew.metadata,com.drew,
com.dropbox.core,com.dropbox,
com.drtc.utilities.qospannel,com.drtc,
com.drumge.kvo,com.drumge,
com.dt.client.android,com.dt,
com.dtf.face,com.dtf,
com.dtf.toyger,com.dtf,
com.dtf.toyger.base,com.dtf,
com.dtf.voice,com.dtf,
com.dtf.wish,com.dtf,
com.dts.freefireth,com.dts,
com.dy.dymedia,com.dy,
com.dylanvann.fastimage,com.dylanvann,
com.dysdk.lib,com.dysdk,
com.dysdk.social,com.dysdk,
com.e2p.features,com.e2p,
com.e2p.network,com.e2p,
com.echo.voice,com.echo,
com.echolive.activation,com.echolive,
com.echolive.channel,com.echolive,
com.echolive.cloudconfig,com.echolive,
com.echolive.common,com.echolive,
com.echolive.domain_optimization,com.echolive,
com.echolive.downloader,com.echolive,
com.echolive.frame,com.echolive,
com.echolive.game,com.echolive,
com.echolive.goldeneye,com.echolive,
com.echolive.ip.optimization,com.echolive,
com.echolive.js_bridge,com.echolive,
com.echolive.nettier,com.echolive,
com.echolive.offline_resource,com.echolive,
com.echolive.offline_webview,com.echolive,
com.echolive.optimization,com.echolive,
com.echolive.raynet,com.echolive,
com.echolive.statistics,com.echolive,
com.eclipsesource.v8,com.eclipsesource,
com.edmodo.cropper,com.edmodo,
com.edmodo.cropper.cropwindow,com.edmodo,
com.effective.android.panel,com.effective,
com.effective.android.panel.view,com.effective,
com.effectsar.labcv,com.effectsar,
com.efs.sdk,com.efs,
com.eidlink.idocr.sdk,com.eidlink,
com.elvishew.xlog,com.elvishew,
com.empat.data,com.empat,
com.empat.feature,com.empat,
com.empat.wory,com.empat,
com.en.download,com.en,
com.epicgames.unreal,com.epicgames,
com.esky.echat.media.analytics,com.esky,
com.esotericsoftware.kryo,com.esotericsoftware,
com.esotericsoftware.spine,com.esotericsoftware,
com.etermax.android.xmediator,com.etermax,
com.etermax.xmediator,com.etermax,
com.evernote.android.job,com.evernote,
com.example.alpha_player_plugin.alpha_player,com.example,
com.example.beauty_face_unity,com.example,
com.example.billing,com.example,
com.example.biz_qrcode,com.example,
com.example.chuck.internal,com.example,
com.example.common,com.example,
com.example.config,com.example,
com.example.hwmeeting,com.example,
com.example.livesaas,com.example,
com.example.match,com.example,
com.example.matisse,com.example,
com.example.netcore_android,com.example,
com.example.other,com.example,
com.example.sdk,com.example,
com.example.upload,com.example,
com.example.wbcube.retrofit,com.example,
com.example.zxing,com.example,
com.excelliance.assetsonly,com.excelliance,
com.explorestack.iab,com.explorestack,
com.explorestack.protobuf,com.explorestack,
com.exutech.chacha,com.exutech,
com.eyougame.gp,com.eyougame,
com.ezroid.chatroulette,com.ezroid,
com.f1soft.esewasdk,com.f1soft,
com.face.csg.lv5,com.face,
com.face.lv5,com.face,
com.facebook.a,com.facebook,
com.facebook.abtest.qe,com.facebook,
com.facebook.account,com.facebook,
com.facebook.accountkit,com.facebook,
com.facebook.acra,com.facebook,
com.facebook.ads.internal,com.facebook,
com.facebook.advancedcryptotransport,com.facebook,
com.facebook.analytics,com.facebook,
com.facebook.android,com.facebook,
com.facebook.animated,com.facebook,
com.facebook.annotationprocessors,com.facebook,
com.facebook.appcomponentmanager,com.facebook,
com.facebook.appevents,com.facebook,
com.facebook.appperf,com.facebook,
com.facebook.assistant,com.facebook,
com.facebook.auth,com.facebook,
com.facebook.avatar,com.facebook,
com.facebook.avatar.expresso,com.facebook,
com.facebook.base,com.facebook,
com.facebook.battery,com.facebook,
com.facebook.battery.metrics,com.facebook,
com.facebook.biddingkit,com.facebook,
com.facebook.bloks,com.facebook,
com.facebook.browser,com.facebook,
com.facebook.browser.helium,com.facebook,
com.facebook.cacapture,com.facebook,
com.facebook.cache,com.facebook,
com.facebook.cameracore,com.facebook,
com.facebook.catalyst,com.facebook,
com.facebook.common,com.facebook,
com.facebook.compphoto.sdk,com.facebook,
com.facebook.contacts,com.facebook,
com.facebook.contextual,com.facebook,
com.facebook.crudolib,com.facebook,
com.facebook.crypto,com.facebook,
com.facebook.cvat,com.facebook,
com.facebook.d,com.facebook,
com.facebook.database,com.facebook,
com.facebook.debug,com.facebook,
com.facebook.device,com.facebook,
com.facebook.distribgw,com.facebook,
com.facebook.distribgw.client,com.facebook,
com.facebook.djinni,com.facebook,
com.facebook.drawee,com.facebook,
com.facebook.e,com.facebook,
com.facebook.errorreporting,com.facebook,
com.facebook.exoplayer,com.facebook,
com.facebook.facedetection,com.facebook,
com.facebook.falco,com.facebook,
com.facebook.fbavatar,com.facebook,
com.facebook.fbreact,com.facebook,
com.facebook.fbservice,com.facebook,
com.facebook.fbui,com.facebook,
com.facebook.fbwebrtc,com.facebook,
com.facebook.feed,com.facebook,
com.facebook.fig,com.facebook,
com.facebook.fixie.fixes,com.facebook,
com.facebook.flipper,com.facebook,
com.facebook.fos.headersv2,com.facebook,
com.facebook.fresco,com.facebook,
com.facebook.fresco.animation,com.facebook,
com.facebook.fury,com.facebook,
com.facebook.gamingservices,com.facebook,
com.facebook.gk,com.facebook,
com.facebook.graphql,com.facebook,
com.facebook.graphservice,com.facebook,
com.facebook.growth,com.facebook,
com.facebook.hermes,com.facebook,
com.facebook.http,com.facebook,
com.facebook.i18n,com.facebook,
com.facebook.imagepipeline,com.facebook,
com.facebook.inject,com.facebook,
com.facebook.instagram,com.facebook,
com.facebook.internal,com.facebook,
com.facebook.iorg,com.facebook,
com.facebook.iorg.common,com.facebook,
com.facebook.ipc,com.facebook,
com.facebook.j,com.facebook,
com.facebook.jni,com.facebook,
com.facebook.jsi,com.facebook,
com.facebook.k,com.facebook,
com.facebook.katana,com.facebook,
com.facebook.kotlin,com.facebook,
com.facebook.l,com.facebook,
com.facebook.lake,com.facebook,
com.facebook.langtech,com.facebook,
com.facebook.lite,com.facebook,
com.facebook.litho,com.facebook,
com.facebook.livequery,com.facebook,
com.facebook.location,com.facebook,
com.facebook.login,com.facebook,
com.facebook.mantle,com.facebook,
com.facebook.maps,com.facebook,
com.facebook.mcrypto,com.facebook,
com.facebook.media,com.facebook,
com.facebook.mediastreaming,com.facebook,
com.facebook.memory,com.facebook,
com.facebook.merlin,com.facebook,
com.facebook.messaging,com.facebook,
com.facebook.messenger,com.facebook,
com.facebook.mobileboost,com.facebook,
com.facebook.mobileboost.framework,com.facebook,
com.facebook.mobileconfig,com.facebook,
com.facebook.mqtt,com.facebook,
com.facebook.msys,com.facebook,
com.facebook.nativetemplates,com.facebook,
com.facebook.navigation,com.facebook,
com.facebook.neko.directinstall,com.facebook,
com.facebook.notifications.internal,com.facebook,
com.facebook.odin,com.facebook,
com.facebook.onecamera,com.facebook,
com.facebook.optic,com.facebook,
com.facebook.oxygen,com.facebook,
com.facebook.p,com.facebook,
com.facebook.pando,com.facebook,
com.facebook.pando.primaryexecution,com.facebook,
com.facebook.papaya,com.facebook,
com.facebook.payments.dcp,com.facebook,
com.facebook.payments.dcp.xapp,com.facebook,
com.facebook.perf,com.facebook,
com.facebook.photos,com.facebook,
com.facebook.places,com.facebook,
com.facebook.prefs,com.facebook,
com.facebook.presence,com.facebook,
com.facebook.primitive,com.facebook,
com.facebook.privacy,com.facebook,
com.facebook.profilo,com.facebook,
com.facebook.push,com.facebook,
com.facebook.qe,com.facebook,
com.facebook.quicklog,com.facebook,
com.facebook.quickpromotion.sdk,com.facebook,
com.facebook.react,com.facebook,
com.facebook.realtime,com.facebook,
com.facebook.reliability,com.facebook,
com.facebook.rendercore,com.facebook,
com.facebook.resources,com.facebook,
com.facebook.rp,com.facebook,
com.facebook.rsys,com.facebook,
com.facebook.rtc,com.facebook,
com.facebook.rti,com.facebook,
com.facebook.samples,com.facebook,
com.facebook.secure,com.facebook,
com.facebook.security,com.facebook,
com.facebook.share,com.facebook,
com.facebook.smartcapture,com.facebook,
com.facebook.soloader,com.facebook,
com.facebook.spectrum,com.facebook,
com.facebook.spherical,com.facebook,
com.facebook.stetho,com.facebook,
com.facebook.storage,com.facebook,
com.facebook.surfaces,com.facebook,
com.facebook.thrift,com.facebook,
com.facebook.tigon,com.facebook,
com.facebook.tracing.perfetto,com.facebook,
com.facebook.traffic,com.facebook,
com.facebook.ui,com.facebook,
com.facebook.user,com.facebook,
com.facebook.v,com.facebook,
com.facebook.video,com.facebook,
com.facebook.voltron,com.facebook,
com.facebook.wamsys,com.facebook,
com.facebook.wearable,com.facebook,
com.facebook.webrtc,com.facebook,
com.facebook.widget,com.facebook,
com.facebook.x.a,com.facebook,
com.facebook.xapp,com.facebook,
com.facebook.xapp.messaging,com.facebook,
com.facebook.xplat,com.facebook,
com.facebook.zero,com.facebook,
com.facebookpay.addresstypeahead,com.facebookpay,
com.facebookpay.common,com.facebookpay,
com.facebookpay.expresscheckout,com.facebookpay,
com.facebookpay.form,com.facebookpay,
com.facebookpay.offsite,com.facebookpay,
com.facebookpay.widget,com.facebookpay,
com.faceunity.board,com.faceunity,
com.faceunity.core,com.faceunity,
com.faceunity.myrelfu,com.faceunity,
com.faceunity.nama,com.faceunity,
com.faceunity.pta,com.faceunity,
com.faltenreich.skeletonlayout,com.faltenreich,
com.fanwe.auction,com.fanwe,
com.fanwe.baimei,com.fanwe,
com.fanwe.games,com.fanwe,
com.fanwe.hybrid,com.fanwe,
com.fanwe.lib,com.fanwe,
com.fanwe.live,com.fanwe,
com.fanwe.o2o,com.fanwe,
com.fanwe.pay,com.fanwe,
com.fanwe.shop,com.fanwe,
com.fanwe.xianrou,com.fanwe,
com.fasterxml.jackson,com.fasterxml,
com.fasterxml.jackson.core,com.fasterxml,
com.fasterxml.jacksoncap,com.fasterxml,
com.fasterxml.uuid,com.fasterxml,
com.fbpay.auth,com.fbpay,
com.fbpay.hub,com.fbpay,
com.fbpay.ptt,com.fbpay,
com.fbpay.util,com.fbpay,
com.fbpay.w3c,com.fbpay,
com.feedad.android,com.feedad,
com.fengguo.fire,com.fengguo,
com.fingerprintjs.android,com.fingerprintjs,
com.fingerprintjs.android.fingerprint,com.fingerprintjs,
com.finogeeks.finclip,com.finogeeks,
com.finogeeks.lib.applet,com.finogeeks,
com.finogeeks.mop,com.finogeeks,
com.firebase.ui,com.firebase,
com.firefly.invitation,com.firefly,
com.firfly.tag,com.firfly,
com.five_corp.ad,com.five_corp,
com.fix.lib_fix_vip_model,com.fix,
com.flame.chat,com.flame,
com.flame.data,com.flame,
com.flame.live.core,com.flame,
com.flame.siya,com.flame,
com.flask.colorpicker,com.flask,
com.flat.feature_common_base,com.flat,
com.flatten.hierarchy,com.flatten,
com.flexionmobile.ddpx,com.flexionmobile,
com.flexionmobile.fdk,com.flexionmobile,
com.flexionmobile.sdk,com.flexionmobile,
com.flurry.android,com.flurry,
com.flutter.logs.plogs,com.flutter,
com.fluttercandies.flutter_image_compress,com.fluttercandies,
com.fluttercandies.flutter_image_compress.handle,com.fluttercandies,
com.fluttercandies.image_editor,com.fluttercandies,
com.fluttercandies.photo_manager,com.fluttercandies,
com.flyco.animation,com.flyco,
com.flyco.dialog,com.flyco,
com.flyco.tablayout,com.flyco,
com.flyjingfish.android_aop_annotation,com.flyjingfish,
com.flyjingfish.openimagelib,com.flyjingfish,
com.fm.openinstall,com.fm,
com.focus.lib.devicechecker,com.focus,
com.footsee.gift.dialog,com.footsee,
com.forter.mobile.fortersdk,com.forter,
com.foss.analytics,com.foss,
com.foss.biz_bag,com.foss,
com.foss.entity,com.foss,
com.foss.gembox,com.foss,
com.foss.gift.dialog,com.foss,
com.foss.http.connection,com.foss,
com.foss.image,com.foss,
com.foss.lib,com.foss,
com.foss.main,com.foss,
com.foss.medal,com.foss,
com.foss.notification,com.foss,
com.foss.post,com.foss,
com.foss.rank,com.foss,
com.foss.resource,com.foss,
com.foss.share,com.foss,
com.foss.span,com.foss,
com.foss.webview,com.foss,
com.foss.zone,com.foss,
com.franmontiel.persistentcookiejar,com.franmontiel,
com.fraud.prevention.mobile_kit,com.fraud,
com.freefromcoltd.moss,com.freefromcoltd,
com.freshchat.consumer.sdk,com.freshchat,
com.fsilva.marcelo.lostminer,com.fsilva,
com.fungames.sniper3d,com.fungames,
com.fusi.analytics,com.fusi,
com.fusi.biz_bag,com.fusi,
com.fusi.biz_turntable,com.fusi,
com.fusi.entity,com.fusi,
com.fusi.gembox,com.fusi,
com.fusi.http.connection,com.fusi,
com.fusi.image,com.fusi,
com.fusi.lib,com.fusi,
com.fusi.main,com.fusi,
com.fusi.medal,com.fusi,
com.fusi.notification,com.fusi,
com.fusi.post,com.fusi,
com.fusi.resource,com.fusi,
com.fusi.share,com.fusi,
com.fusi.span,com.fusi,
com.fusi.tag,com.fusi,
com.fusi.ticket.live,com.fusi,
com.fusi.webview,com.fusi,
com.fusi.zone,com.fusi,
com.fyber.ads,com.fyber,
com.fyber.c,com.fyber,
com.fyber.fairbid,com.fyber,
com.fyber.inneractive.sdk,com.fyber,
com.fyber.marketplace.fairbid,com.fyber,
com.fyber.mediation,com.fyber,
com.fyber.unity,com.fyber,
com.gaa.extern,com.gaa,
com.gaa.sdk,com.gaa,
com.game.battle,com.game,
com.game.charm,com.game,
com.game.container,com.game,
com.game.diamondvip,com.game,
com.game.feed,com.game,
com.game.gameroom,com.game,
com.game.gift,com.game,
com.game.ipc,com.game,
com.game.model,com.game,
com.game.net,com.game,
com.game.noble,com.game,
com.game.pay,com.game,
com.game.report,com.game,
com.game.resourcemanager,com.game,
com.game.roomactivity,com.game,
com.game.serendipity,com.game,
com.game.suit,com.game,
com.game.sys,com.game,
com.game.tasksys,com.game,
com.game.tribe,com.game,
com.game.ui,com.game,
com.game.userbenefits,com.game,
com.game.util,com.game,
com.game.vehicle,com.game,
com.game.vip,com.game,
com.game.voiceroom,com.game,
com.game.widget,com.game,
com.gameanalytics.sdk,com.gameanalytics,
com.gameloft.GLSocialLib,com.gameloft,
com.gameloft.adsmanager,com.gameloft,
com.gameloft.android,com.gameloft,
com.games.gp.sdks,com.games,
com.gantix.JailMonkey,com.gantix,
com.garena.android,com.garena,
com.garena.game,com.garena,
com.garena.opsysext,com.garena,
com.garena.pay.android,com.garena,
com.garena.sdk.android,com.garena,
com.garena.unity,com.garena,
com.gasdk.gup,com.gasdk,
com.gcloudsdk.gcloud,com.gcloudsdk,
com.gclub.global,com.gclub,
com.gclub.im,com.gclub,
com.gclub.input.cloudconfig,com.gclub,
com.gclub.lcs,com.gclub,
com.gcore.abase,com.gcore,
com.gcore.gcloud,com.gcore,
com.gcore.hdmpve,com.gcore,
com.geetest.captcha,com.geetest,
com.geetest.onelogin,com.geetest,
com.geetest.onepassv2,com.geetest,
com.geetest.sdk,com.geetest,
com.gem.gemglide,com.gem,
com.gemius.sdk,com.gemius,
com.getcapacitor.community,com.getcapacitor,
com.getcapacitor.plugin,com.getcapacitor,
com.getter.video.edit,com.getter,
com.getui.oneid,com.getui,
com.gfx.adPromote,com.gfx,
com.gifshow.android.tinyYoda,com.gifshow,
com.giphy.sdk,com.giphy,
com.github.aachartmodel.aainfographics,com.github,
com.github.alexzhirkevich.customqrgenerator,com.github,
com.github.appintro,com.github,
com.github.awxkee,com.github,
com.github.barteksc.pdfviewer,com.github,
com.github.devnied.emvnfccard,com.github,
com.github.dhaval2404.colorpicker,com.github,
com.github.droibit,com.github,
com.github.droidfu,com.github,
com.github.fge,com.github,
com.github.florent37.camerafragment,com.github,
com.github.florent37.singledateandtimepicker,com.github,
com.github.gcacace.signaturepad,com.github,
com.github.gzuliyujiang,com.github,
com.github.hf.leveldb,com.github,
com.github.iielse.imageviewer,com.github,
com.github.jaiimageio.impl,com.github,
com.github.javiersantos,com.github,
com.github.kittinunf,com.github,
com.github.lzyzsd,com.github,
com.github.mikephil.charting,com.github,
com.github.mmin18,com.github,
com.github.moduth.blockcanary,com.github,
com.github.orangegangsters.lollipin.lib,com.github,
com.github.panpf,com.github,
com.github.panpf.zoomimage.compose,com.github,
com.github.paolorotolo.appintro,com.github,
com.github.penfeizhou.animation,com.github,
com.github.piasy.biv,com.github,
com.github.promeg,com.github,
com.github.pwittchen.reactivenetwork.library.rx2,com.github,
com.github.rubensousa.bottomsheetbuilder,com.github,
com.github.satoshun.coroutine.autodispose,com.github,
com.github.scribejava,com.github,
com.github.vivchar,com.github,
com.github.ybq.android,com.github,
com.github.ybq.android.spinkit,com.github,
com.glide.slider.library,com.glide,
com.global.base,com.global,
com.global.live,com.global,
com.globalcharge.android,com.globalcharge,
com.gme.av,com.gme,
com.gme.liteav,com.gme,
com.gme.trtc,com.gme,
com.gme.trtc.hardwareearmonitor,com.gme,
com.gme.video.sdk,com.gme,
com.gogolive.buy_vip,com.gogolive,
com.gogolive.common,com.gogolive,
com.gogolive.delete_account,com.gogolive,
com.gogolive.effect_info,com.gogolive,
com.gogolive.family,com.gogolive,
com.gogolive.invitation_reward,com.gogolive,
com.gogolive.live,com.gogolive,
com.gogolive.lucky,com.gogolive,
com.gogolive.move_gold,com.gogolive,
com.gogolive.navigation,com.gogolive,
com.gogolive.one_v_one,com.gogolive,
com.gogolive.payouts,com.gogolive,
com.gogolive.push_live,com.gogolive,
com.gogolive.ranking_list,com.gogolive,
com.gogolive.recharge,com.gogolive,
com.gogolive.shop,com.gogolive,
com.gogolive.utils,com.gogolive,
com.gojek.mqtt.persistence,com.gojek,
com.gomfactory.adpie.sdk,com.gomfactory,
com.goodix.ble.gr.lib,com.goodix,
com.google.a,com.google,
com.google.accompanist,com.google,
com.google.ads,com.google,
com.google.ads.interactivemedia,com.google,
com.google.ads.interactivemedia.v3,com.google,
com.google.ads.mediation,com.google,
com.google.ai.client.generativeai,com.google,
com.google.android,com.google,
com.google.android.gms,com.google,
com.google.android.gms.common,com.google,
com.google.android.material,com.google,
com.google.android.play.core,com.google,
com.google.api,com.google,
com.google.api.client,com.google,
com.google.ar,com.google,
com.google.ar.core,com.google,
com.google.archivepatcher,com.google,
com.google.auth,com.google,
com.google.auto,com.google,
com.google.auto.value,com.google,
com.google.auto.value.extension,com.google,
com.google.cloud,com.google,
com.google.common,com.google,
com.google.crypto.tink,com.google,
com.google.devtools.ksp,com.google,
com.google.errorprone.annotations,com.google,
com.google.firebase,com.google,
com.google.firebase.analytics,com.google,
com.google.firebase.encoders,com.google,
com.google.firestore,com.google,
com.google.gson,com.google,
com.google.gson.internal,com.google,
com.google.i18n.phonenumbers,com.google,
com.google.knowledge.cerebra.sense.textclassifier,com.google,
com.google.logging,com.google,
com.google.maps.android,com.google,
com.google.mediapipe,com.google,
com.google.mlkit,com.google,
com.google.mygson,com.google,
com.google.protobuf,com.google,
com.google.sdk.android,com.google,
com.google.unity,com.google,
com.google.vr,com.google,
com.google.zxing,com.google,
com.googlecode.javaewah,com.googlecode,
com.googlecode.mp4parser,com.googlecode,
com.googlecode.mp4parser.authoring.tracks,com.googlecode,
com.googlecode.mp4parsercopy,com.googlecode,
com.goterl.lazysodium,com.goterl,
com.gowtham.library,com.gowtham,
com.greenhorn.neuronet,com.greenhorn,
com.grindrapp.android,com.grindrapp,
com.growlr.api,com.growlr,
com.gryphfrontier.platform.skport,com.gryphfrontier,
com.gryphfrontier.sdk,com.gryphfrontier,
com.gryphline.customerservice.sg,com.gryphline,
com.gryphline.skport,com.gryphline,
com.gsdk.gcloud,com.gsdk,
com.gta3ps.psppp,com.gta3ps,
com.guardsquare.dexguard.runtime,com.guardsquare,
com.guhungry.photomanipulator,com.guhungry,
com.gui.mediapicker,com.gui,
com.gun0912.tedonactivityresult,com.gun0912,
com.gun0912.tedpermission,com.gun0912,
com.guochao.appevent,com.guochao,
com.guochao.basic,com.guochao,
com.guochao.component,com.guochao,
com.guochao.faceshow,com.guochao,
com.guochao.game.turntable,com.guochao,
com.guochao.lib_core,com.guochao,
com.guochao.lib_miniio_client,com.guochao,
com.guochao.lib_service_center,com.guochao,
com.guochao.player,com.guochao,
com.guochao.popo,com.guochao,
com.guochao.pusher,com.guochao,
com.guochao.res,com.guochao,
com.guochao.txcloud,com.guochao,
com.guppir.swipr,com.guppir,
com.gups.anticheat.android,com.gups,
com.gvoice.rtc,com.gvoice,
com.gvoice.video,com.gvoice,
com.h6ah4i.android.widget.advrecyclerview,com.h6ah4i,
com.haflla.admob,com.haflla,
com.haflla.analytics,com.haflla,
com.haflla.caipiao,com.haflla,
com.haflla.framework,com.haflla,
com.haflla.func,com.haflla,
com.haflla.game,com.haflla,
com.haflla.jsbridge,com.haflla,
com.haflla.login_lib,com.haflla,
com.haflla.soulu,com.haflla,
com.haflla.ui_component,com.haflla,
com.haflla.wallet,com.haflla,
com.haima.hmcp,com.haima,
com.handmark.pulltorefresh.library,com.handmark,
com.hannesdorfmann.mosby.mvp,com.hannesdorfmann,
com.hannesdorfmann.mosby3,com.hannesdorfmann,
com.hay.android,com.hay,
com.hayo.chacha,com.hayo,
com.hazel.statussaver,com.hazel,
com.hb.hichat,com.hb,
com.hb.lib,com.hb,
com.hedonicsoft.clipglider3,com.hedonicsoft,
com.helpshift.account,com.helpshift,
com.helpshift.analytics,com.helpshift,
com.helpshift.android,com.helpshift,
com.helpshift.auth,com.helpshift,
com.helpshift.cif,com.helpshift,
com.helpshift.common,com.helpshift,
com.helpshift.configuration,com.helpshift,
com.helpshift.conversation,com.helpshift,
com.helpshift.db,com.helpshift,
com.helpshift.faq,com.helpshift,
com.helpshift.logger,com.helpshift,
com.helpshift.meta,com.helpshift,
com.helpshift.support,com.helpshift,
com.helpshift.unityproxy,com.helpshift,
com.hendraanggrian.appcompat,com.hendraanggrian,
com.hendraanggrian.appcompat.socialview,com.hendraanggrian,
com.henninghall.date_picker,com.henninghall,
com.hero.global,com.hero,
com.hero.market,com.hero,
com.herogame.gplay,com.herogame,
com.herosdk.compat,com.herosdk,
com.heytap.mcssdk,com.heytap,
com.heytap.msp.push,com.heytap,
com.heytap.mspsdk,com.heytap,
com.heytap.openid,com.heytap,
com.hi.dhl.binding,com.hi,
com.hianalytics.android,com.hianalytics,
com.hiclub.android,com.hiclub,
com.hierynomus.asn1.types,com.hierynomus,
com.hieupt.supporter.paging,com.hieupt,
com.hifun.doubao.translator.proto,com.hifun,
com.hifun.sdk,com.hifun,
com.hihonor.android.magicx.media,com.hihonor,
com.hihonor.mcs,com.hihonor,
com.hihonor.mcs.system.diagnosis.core,com.hihonor,
com.hihonor.push,com.hihonor,
com.hisavana.admoblibrary,com.hisavana,
com.hisavana.adxlibrary,com.hisavana,
com.hisavana.applovin,com.hisavana,
com.hisavana.common,com.hisavana,
com.hisavana.fblibrary.excuter,com.hisavana,
com.hisavana.inmobi,com.hisavana,
com.hisavana.ironsource,com.hisavana,
com.hisavana.mediation,com.hisavana,
com.hisavana.mintegral,com.hisavana,
com.hisavana.pangle,com.hisavana,
com.hisavana.unity,com.hisavana,
com.hithot.live,com.hithot,
com.hitomi.tilibrary,com.hitomi,
com.hivemq.client,com.hivemq,
com.hiya.android.games.jsb.basic.jsbridge,com.hiya,
com.hjq.permissions,com.hjq,
com.hjq.permissions.permission,com.hjq,
com.hjq.shape,com.hjq,
com.hjq.toast,com.hjq,
com.hjq.widget,com.hjq,
com.hkfuliao.module_games,com.hkfuliao,
com.hkfuliao.renderer,com.hkfuliao,
com.hkfuliao.skin,com.hkfuliao,
com.hkiapps.zefoynew,com.hkiapps,
com.hkjustar.bigwin,com.hkjustar,
com.hkjustar.core,com.hkjustar,
com.hkjustar.easyads,com.hkjustar,
com.hkjustar.gemgala,com.hkjustar,
com.hkjustar.luckyboxgame,com.hkjustar,
com.hkjustar.luckyroulette,com.hkjustar,
com.hkjustar.luckyslots,com.hkjustar,
com.hkjustar.luckywheelgame,com.hkjustar,
com.hkjustar.modulebase,com.hkjustar,
com.hkjustar.moment,com.hkjustar,
com.hkjustar.netease,com.hkjustar,
com.hkjustar.roshambo,com.hkjustar,
com.hkjustar.teenpatti,com.hkjustar,
com.hkjustar.user.chat,com.hkjustar,
com.hoho.anim,com.hoho,
com.hoho.base,com.hoho,
com.hoho.home,com.hoho,
com.hoho.msg,com.hoho,
com.hoho.user,com.hoho,
com.hoho.yy,com.hoho,
com.holla.datawarehouse,com.holla,
com.holla.dialogmanager,com.holla,
com.homagames.mediation,com.homagames,
com.honey.hiui,com.honey,
com.honeyjar.svgaplayer,com.honeyjar,
com.hornet.android,com.hornet,
com.hornet.commons,com.hornet,
com.hornet.feature,com.hornet,
com.hoyoverse.hoyofix,com.hoyoverse,
com.hpplay.common,com.hpplay,
com.hpplay.component,com.hpplay,
com.hpplay.nanohttpd,com.hpplay,
com.hpplay.sdk.source,com.hpplay,
com.hpplay.upnp,com.hpplay,
com.htetznaing.lowcostvideo,com.htetznaing,
com.hu.plugin,com.hu,
com.huafang.web.core,com.huafang,
com.huantansheng.easyphotos,com.huantansheng,
com.huawei.agconnect,com.huawei,
com.huawei.android,com.huawei,
com.huawei.android.hms,com.huawei,
com.huawei.appgallery,com.huawei,
com.huawei.appgallery.serviceverifykit,com.huawei,
com.huawei.arengine,com.huawei,
com.huawei.cloudlink,com.huawei,
com.huawei.contact,com.huawei,
com.huawei.devices,com.huawei,
com.huawei.emui.hiexperience,com.huawei,
com.huawei.featurelayer.sharedfeature.xrkit.sdk,com.huawei,
com.huawei.game.gamekit,com.huawei,
com.huawei.hianalytics,com.huawei,
com.huawei.hiar,com.huawei,
com.huawei.hms,com.huawei,
com.huawei.hms.ads,com.huawei,
com.huawei.hwm.logger,com.huawei,
com.huawei.hwmbiz,com.huawei,
com.huawei.hwmchat,com.huawei,
com.huawei.hwmclink,com.huawei,
com.huawei.hwmcommonui,com.huawei,
com.huawei.hwmconf,com.huawei,
com.huawei.hwmfoundation,com.huawei,
com.huawei.hwmmediapicker,com.huawei,
com.huawei.hwmsdk,com.huawei,
com.huawei.hwrouter.audiorouter,com.huawei,
com.huawei.imsdk,com.huawei,
com.huawei.location,com.huawei,
com.huawei.media,com.huawei,
com.huawei.multimedia,com.huawei,
com.huawei.multimedia.liteav,com.huawei,
com.huawei.nb.searchmanager,com.huawei,
com.huawei.openalliance,com.huawei,
com.huawei.riemann,com.huawei,
com.huawei.searchabilitymanager.client,com.huawei,
com.huawei.secure.android.common,com.huawei,
com.huawei.updatesdk,com.huawei,
com.huawei.updatesdk.service,com.huawei,
com.huawei.wisesecurity.ucs.credential,com.huawei,
com.hule.core,com.hule,
com.hule.domain,com.hule,
com.hummer.im,com.hummer,
com.hutong.libopensdk,com.hutong,
com.hutong.library,com.hutong,
com.hutong.libsupersdk,com.hutong,
com.hutong.opensdk,com.hutong,
com.hutong.supersdk,com.hutong,
com.hw.videoprocessor,com.hw,
com.hwangjr.rxbus,com.hwangjr,
com.hypergryph.adtrack,com.hypergryph,
com.hypergryph.bulletin,com.hypergryph,
com.hypergryph.download,com.hypergryph,
com.hypergryph.gameupdate,com.hypergryph,
com.hypergryph.marquee,com.hypergryph,
com.hypergryph.platform.sharesdk,com.hypergryph,
com.hypergryph.push,com.hypergryph,
com.hypergryph.userprotocolplugin,com.hypergryph,
com.hypergryph.webportal,com.hypergryph,
com.hypergryph.webviewPlugin,com.hypergryph,
com.hypergryph.webviewcore,com.hypergryph,
com.hyphenate.chat,com.hyphenate,
com.hyphenate.easeui,com.hyphenate,
com.hyphenate.push,com.hyphenate,
com.hyprmx.android,com.hyprmx,
com.hyy.highlightpro,com.hyy,
com.hzchengdun.securityguard,com.hzchengdun,
com.i4party.birthday.party,com.i4party,
com.iab.omid.library,com.iab,
com.iab.omid.library.adsbynimbus,com.iab,
com.iab.omid.library.amazon,com.iab,
com.iab.omid.library.applovin,com.iab,
com.iab.omid.library.bytedance2,com.iab,
com.iab.omid.library.corpmailru,com.iab,
com.iab.omid.library.giphy,com.iab,
com.iab.omid.library.ironsrc,com.iab,
com.iab.omid.library.navercorp,com.iab,
com.iab.omid.library.sharechatco,com.iab,
com.iab.omid.library.unity3d,com.iab,
com.iab.omid.library.vungle,com.iab,
com.iabtcf.extras,com.iabtcf,
com.iap.ac.android.loglite,com.iap,
com.iap.android.container.ams.resource,com.iap,
com.iap.common,com.iap,
com.ibm.icu,com.ibm,
com.iceteck.silicompressorr,com.iceteck,
com.idanatz.oneadapter,com.idanatz,
com.idv.identity,com.idv,
com.iflytek.cloud,com.iflytek,
com.iflytek.speech,com.iflytek,
com.ifunbow.common,com.ifunbow,
com.ifunbow.riskcontrol,com.ifunbow,
com.igaworks.adpopcorn,com.igaworks,
com.igaworks.ssp,com.igaworks,
com.igexin.a,com.igexin,
com.igexin.assist,com.igexin,
com.igexin.b,com.igexin,
com.igexin.push,com.igexin,
com.igexin.sdk,com.igexin,
com.ihoc.mgpa,com.ihoc,
com.ihoc.tgpatask.transceivertool,com.ihoc,
com.iloen.melon.mcache,com.iloen,
com.immersion.hapticmediasdk,com.immersion,
com.immomo.andpermission,com.immomo,
com.immomo.android,com.immomo,
com.immomo.autotracker.android.sdk,com.immomo,
com.immomo.basemodule,com.immomo,
com.immomo.baseutil,com.immomo,
com.immomo.biz,com.immomo,
com.immomo.chatapi,com.immomo,
com.immomo.chatlogic,com.immomo,
com.immomo.doki,com.immomo,
com.immomo.downloader,com.immomo,
com.immomo.framework,com.immomo,
com.immomo.gallerylogic,com.immomo,
com.immomo.http,com.immomo,
com.immomo.im.client,com.immomo,
com.immomo.image,com.immomo,
com.immomo.image.imagepicker,com.immomo,
com.immomo.imageloader,com.immomo,
com.immomo.justice,com.immomo,
com.immomo.liveaccount,com.immomo,
com.immomo.liveim,com.immomo,
com.immomo.loginlogic,com.immomo,
com.immomo.mdp,com.immomo,
com.immomo.mdp.paycenter,com.immomo,
com.immomo.mediabase,com.immomo,
com.immomo.mediacore,com.immomo,
com.immomo.medialog,com.immomo,
com.immomo.mk,com.immomo,
com.immomo.mk.bussiness,com.immomo,
com.immomo.mls,com.immomo,
com.immomo.mmhttp,com.immomo,
com.immomo.mmstatistics,com.immomo,
com.immomo.mmutil,com.immomo,
com.immomo.moarch,com.immomo,
com.immomo.moarch.account,com.immomo,
com.immomo.module_db,com.immomo,
com.immomo.module_media,com.immomo,
com.immomo.molive.foundation.util.safegson,com.immomo,
com.immomo.moment,com.immomo,
com.immomo.momo,com.immomo,
com.immomo.momo.audio,com.immomo,
com.immomo.mwc.sdk,com.immomo,
com.immomo.netlib,com.immomo,
com.immomo.performance,com.immomo,
com.immomo.resdownloader,com.immomo,
com.immomo.sdk.dns,com.immomo,
com.immomo.skinlib,com.immomo,
com.immomo.svga.versatile,com.immomo,
com.immomo.svgaplayer,com.immomo,
com.immomo.utils,com.immomo,
com.immomo.vchat,com.immomo,
com.immomo.velib,com.immomo,
com.immomo.weblogic,com.immomo,
com.imo.android.imoim,com.imo,
com.imomo.momo,com.imomo,
com.imvu.model,com.imvu,
com.imvu.polaris.platform,com.imvu,
com.imvu.room,com.imvu,
com.imvu.scotch,com.imvu,
com.imvu.widgets,com.imvu,
com.inbrain.sdk,com.inbrain,
com.inca.security,com.inca,
com.increase.applog,com.increase,
com.infoldgames.pcsdktp,com.infoldgames,
com.initechapps.growlr,com.initechapps,
com.inka.appsealing,com.inka,
com.inmobi.ads,com.inmobi,
com.inmobi.commons,com.inmobi,
com.inmobi.media,com.inmobi,
com.inmobi.monetization.internal,com.inmobi,
com.inmobi.re,com.inmobi,
com.inmobi.rendering,com.inmobi,
com.inmobi.signals,com.inmobi,
com.instabug.anr,com.instabug,
com.instabug.apm,com.instabug,
com.instabug.bug,com.instabug,
com.instabug.chat,com.instabug,
com.instabug.commons,com.instabug,
com.instabug.crash,com.instabug,
com.instabug.early_crash,com.instabug,
com.instabug.fatalhangs,com.instabug,
com.instabug.featuresrequest,com.instabug,
com.instabug.library,com.instabug,
com.instabug.survey,com.instabug,
com.instabug.terminations,com.instabug,
com.instagram.acamera,com.instagram,
com.instagram.acamera.out.timeline.common,com.instagram,
com.instagram.accountlinking,com.instagram,
com.instagram.aiconsumption,com.instagram,
com.instagram.aistudio,com.instagram,
com.instagram.analytics,com.instagram,
com.instagram.api,com.instagram,
com.instagram.appinitializer,com.instagram,
com.instagram.appreciation,com.instagram,
com.instagram.ar,com.instagram,
com.instagram.avatars,com.instagram,
com.instagram.barcelona,com.instagram,
com.instagram.basel,com.instagram,
com.instagram.bloks,com.instagram,
com.instagram.brandedcontent,com.instagram,
com.instagram.bugreporter,com.instagram,
com.instagram.business,com.instagram,
com.instagram.camera,com.instagram,
com.instagram.carrera,com.instagram,
com.instagram.casting,com.instagram,
com.instagram.challenge,com.instagram,
com.instagram.clips,com.instagram,
com.instagram.closefriends.audiencelists,com.instagram,
com.instagram.comments,com.instagram,
com.instagram.common,com.instagram,
com.instagram.compose,com.instagram,
com.instagram.contentnotes,com.instagram,
com.instagram.creation,com.instagram,
com.instagram.creator,com.instagram,
com.instagram.crossposting,com.instagram,
com.instagram.debug,com.instagram,
com.instagram.direct,com.instagram,
com.instagram.discoverpeople,com.instagram,
com.instagram.discovery,com.instagram,
com.instagram.explore,com.instagram,
com.instagram.fanclub,com.instagram,
com.instagram.fbpay,com.instagram,
com.instagram.feed,com.instagram,
com.instagram.filterkit,com.instagram,
com.instagram.follow,com.instagram,
com.instagram.friendlane,com.instagram,
com.instagram.friendmap,com.instagram,
com.instagram.fx,com.instagram,
com.instagram.gallery,com.instagram,
com.instagram.genai,com.instagram,
com.instagram.graphql.rtgql,com.instagram,
com.instagram.hallpass,com.instagram,
com.instagram.homecoming,com.instagram,
com.instagram.honolulu,com.instagram,
com.instagram.igds,com.instagram,
com.instagram.igsignals,com.instagram,
com.instagram.igtv,com.instagram,
com.instagram.inappbrowser,com.instagram,
com.instagram.infocenter,com.instagram,
com.instagram.interactive,com.instagram,
com.instagram.invite,com.instagram,
com.instagram.leadads,com.instagram,
com.instagram.leadgen,com.instagram,
com.instagram.libraries.access.accountmanager,com.instagram,
com.instagram.liteprovider,com.instagram,
com.instagram.location,com.instagram,
com.instagram.lockscreen.honolulu,com.instagram,
com.instagram.login,com.instagram,
com.instagram.mainactivity,com.instagram,
com.instagram.mainfeed,com.instagram,
com.instagram.maps,com.instagram,
com.instagram.mediakit,com.instagram,
com.instagram.merlin,com.instagram,
com.instagram.messagingconnectivitylogger,com.instagram,
com.instagram.metaai,com.instagram,
com.instagram.model,com.instagram,
com.instagram.monetization,com.instagram,
com.instagram.music,com.instagram,
com.instagram.newsfeed,com.instagram,
com.instagram.nme,com.instagram,
com.instagram.notifications,com.instagram,
com.instagram.nux,com.instagram,
com.instagram.odml,com.instagram,
com.instagram.ondevicetech,com.instagram,
com.instagram.pando,com.instagram,
com.instagram.partneranalytics,com.instagram,
com.instagram.payout,com.instagram,
com.instagram.pendingmedia,com.instagram,
com.instagram.perf,com.instagram,
com.instagram.preferences,com.instagram,
com.instagram.preloads,com.instagram,
com.instagram.privacy,com.instagram,
com.instagram.process,com.instagram,
com.instagram.profile,com.instagram,
com.instagram.projects,com.instagram,
com.instagram.quickpromotion,com.instagram,
com.instagram.quicksnap,com.instagram,
com.instagram.react,com.instagram,
com.instagram.realtimeclient,com.instagram,
com.instagram.reels,com.instagram,
com.instagram.registration,com.instagram,
com.instagram.release,com.instagram,
com.instagram.repository,com.instagram,
com.instagram.reposts,com.instagram,
com.instagram.rtc,com.instagram,
com.instagram.save,com.instagram,
com.instagram.schools,com.instagram,
com.instagram.search,com.instagram,
com.instagram.security.attestation,com.instagram,
com.instagram.service,com.instagram,
com.instagram.settings,com.instagram,
com.instagram.share,com.instagram,
com.instagram.shopping,com.instagram,
com.instagram.sponsored,com.instagram,
com.instagram.sup,com.instagram,
com.instagram.survey,com.instagram,
com.instagram.tagging,com.instagram,
com.instagram.traffic.nts,com.instagram,
com.instagram.ui,com.instagram,
com.instagram.unifieddatamodel,com.instagram,
com.instagram.upcomingevents.common,com.instagram,
com.instagram.urlhandlers,com.instagram,
com.instagram.user,com.instagram,
com.instagram.util,com.instagram,
com.instagram.uxlogging,com.instagram,
com.instagram.video,com.instagram,
com.instagram.wearable.warp,com.instagram,
com.instagram.wellbeing,com.instagram,
com.instagram.xme,com.instagram,
com.instagram.zero,com.instagram,
com.intercom.composer,com.intercom,
com.interfun.buz,com.interfun,
com.intergi.playwiremobile,com.intergi,
com.intergi.playwiresdk,com.intergi,
com.intlgame.api,com.intlgame,
com.intlgame.core,com.intlgame,
com.intlgame.foundation,com.intlgame,
com.intlgame.tools,com.intlgame,
com.intlgame.video,com.intlgame,
com.intlgame.zxing,com.intlgame,
com.ionspin.kotlin.bignum,com.ionspin,
com.ipqualityscore.FraudEngine,com.ipqualityscore,
com.ipqualityscore.fraudengine,com.ipqualityscore,
com.ironsource.1,com.ironsource,
com.ironsource.adapters,com.ironsource,
com.ironsource.adqualitysdk.sdk,com.ironsource,
com.ironsource.environment,com.ironsource,
com.ironsource.mediationsdk,com.ironsource,
com.ironsource.sdk,com.ironsource,
com.ishumei.O000O00000OoO,com.ishumei,
com.ishumei.l111l11111Il,com.ishumei,
com.ishumei.l111l11111lIl,com.ishumei,
com.ishumei.smantifraud,com.ishumei,
com.ishumei.smrtasr,com.ishumei,
com.isseiaoki.simplecropview,com.isseiaoki,
com.itextpdf.text,com.itextpdf,
com.itgsa.opensdk,com.itgsa,
com.itop.gcloud.msdk,com.itop,
com.itop.gcloud.msdk.popup,com.itop,
com.itop.imsdk,com.itop,
com.itxca.spannablex,com.itxca,
com.iubenda.iab,com.iubenda,
com.ive.chat,com.ive,
com.ive.customview,com.ive,
com.ive.database,com.ive,
com.ive.newcall,com.ive,
com.ive.newchat,com.ive,
com.ive.ui,com.ive,
com.iyao.eastat,com.iyao,
com.izuiyou.analytics,com.izuiyou,
com.izuiyou.auth,com.izuiyou,
com.izuiyou.common,com.izuiyou,
com.izuiyou.image,com.izuiyou,
com.izuiyou.media,com.izuiyou,
com.izuiyou.network,com.izuiyou,
com.izuiyou.push,com.izuiyou,
com.izuiyou.util,com.izuiyou,
com.izuiyou.webview,com.izuiyou,
com.j256.ormlite,com.j256,
com.jacobibanez.plugin.android.godotplaygameservices,com.jacobibanez,
com.jagex.mobilesdk,com.jagex,
com.jaiselrahman.filepicker,com.jaiselrahman,
com.jakewharton.retrofit2,com.jakewharton,
com.jakewharton.rxbinding,com.jakewharton,
com.jakewharton.rxbinding2,com.jakewharton,
com.jakewharton.rxbinding3,com.jakewharton,
com.jakewharton.rxbinding4,com.jakewharton,
com.jarvan.fluwx,com.jarvan,
com.jasonette.seed,com.jasonette,
com.jayway.jsonpath,com.jayway,
com.jbro129.tmanager,com.jbro129,
com.jdpaysdk.author,com.jdpaysdk,
com.je.natives,com.je,
com.je.sdks,com.je,
com.jeremyliao.liveeventbus,com.jeremyliao,
com.joanzapata.iconify,com.joanzapata,
com.jodelapp.jodelandroidv3,com.jodelapp,
com.jodelapp.jodelandroidv4,com.jodelapp,
com.joym.gamecenter.sdk.offline,com.joym,
com.joym.sdk,com.joym,
com.jph.takephoto,com.jph,
com.jude.easyrecyclerview,com.jude,
com.jude.rollviewpager,com.jude,
com.juxiao.androidx,com.juxiao,
com.juxiao.androidx.international,com.juxiao,
com.juxiao.library_ninephoto,com.juxiao,
com.juxiao.library_utils,com.juxiao,
com.jvziyaoyao.scale,com.jvziyaoyao,
com.jzxiang.pickerview,com.jzxiang,
com.kabam.thirdparty,com.kabam,
com.kakao.kakaolink,com.kakao,
com.kakao.network,com.kakao,
com.kakao.sdk,com.kakao,
com.kakao.util,com.kakao,
com.kakaogame.auth,com.kakaogame,
com.kakaogame.log,com.kakaogame,
com.kakaogame.promotion,com.kakaogame,
com.kakaogame.server,com.kakaogame,
com.karakkara.api,com.karakkara,
com.karakkara.chat,com.karakkara,
com.karakkara.customview,com.karakkara,
com.karakkara.database,com.karakkara,
com.karakkara.newcall,com.karakkara,
com.karakkara.ui,com.karakkara,
com.karics.library.zxing,com.karics,
com.karumi.dexter.listener,com.karumi,
com.kddi.market,com.kddi,
com.kelin.mvvmlight,com.kelin,
com.kernel.finch,com.kernel,
com.ketch.android,com.ketch,
com.kidoz.sdk,com.kidoz,
com.kids360.appBlocker.presentation,com.kids360,
com.king.camera.scan,com.king,
com.king.logx,com.king,
com.king.zxing,com.king,
com.kingja.loadsir,com.kingja,
com.kingsoft.seasun.android,com.kingsoft,
com.kismia.app,com.kismia,
com.kismia.base,com.kismia,
com.kismia.data,com.kismia,
com.kismia.onboarding,com.kismia,
com.kismia.view.custom,com.kismia,
com.kizitonwose.calendar,com.kizitonwose,
com.kizitonwose.calendar.view.internal,com.kizitonwose,
com.kk.taurus.playerbase,com.kk,
com.klab.jackpot,com.klab,
com.km.media,com.km,
com.kochava.core,com.kochava,
com.kochava.tracker,com.kochava,
com.kongqw.network.monitor,com.kongqw,
com.kongzue.dialogx,com.kongzue,
com.kooapps.helpchatter,com.kooapps,
com.kooapps.unityplugins,com.kooapps,
com.koushikdutta.async,com.koushikdutta,
com.koushikdutta.ion,com.koushikdutta,
com.kpadplayer.general,com.kpadplayer,
com.kpadplayer.sdk,com.kpadplayer,
com.kr.libcommon,com.kr,
com.kr.pay,com.kr,
com.kr.sdk,com.kr,
com.kr.share,com.kr,
com.krgame.tk,com.krgame,
com.kscorp.oversea,com.kscorp,
com.ksztone.litdownloader,com.ksztone,
com.ksztone.oneapm,com.ksztone,
com.kuaishou.client.log,com.kuaishou,
com.kuaishou.protobuf.log,com.kuaishou,
com.kugou.yinsuda,com.kugou,
com.kumobius.android,com.kumobius,
com.kunminx.architecture,com.kunminx,
com.kuro.data,com.kuro,
com.kwad.components,com.kwad,
com.kwad.framework,com.kwad,
com.kwad.library,com.kwad,
com.kwad.sdk,com.kwad,
com.kwai.adclient.kscommerciallogger,com.kwai,
com.kwai.klw.runtime,com.kwai,
com.kwai.koom,com.kwai,
com.kwai.middleware,com.kwai,
com.kwai.oversea,com.kwai,
com.kwai.performance.fluency.startup.scheduler,com.kwai,
com.kwai.video,com.kwai,
com.launchdarkly.sdk,com.launchdarkly,
com.lavendrapp.lavendr,com.lavendrapp,
com.layla.lib_base,com.layla,
com.layla.module_call,com.layla,
com.layla.module_finance,com.layla,
com.layla.module_im,com.layla,
com.layla.module_login,com.layla,
com.layla.module_main,com.layla,
com.layla.module_match,com.layla,
com.layla.module_moment,com.layla,
com.layla.module_user,com.layla,
com.layla.module_voice,com.layla,
com.lcodecore.tkrefreshlayout,com.lcodecore,
com.leon.channel,com.leon,
com.leon.lfilepickerlibrary,com.leon,
com.letterboxd.api,com.letterboxd,
com.letterboxd.letterboxd.api,com.letterboxd,
com.letterboxd.letterboxd.ui,com.letterboxd,
com.levibostian.shutter_android,com.levibostian,
com.lgame.orejsnj,com.lgame,
com.lib.adtrackingbase,com.lib,
com.lib.im,com.lib,
com.lib.videoplayer,com.lib,
com.library.revenew,com.library,
com.linc.amplituda,com.linc,
com.linecorp.elsa,com.linecorp,
com.linecorp.flutter_line_sdk,com.linecorp,
com.linecorp.linesdk,com.linecorp,
com.linecorp.planetkit,com.linecorp,
com.linkedin.android.litr,com.linkedin,
com.linkedin.android.spyglass,com.linkedin,
com.linkedin.audiencenetwork,com.linkedin,
com.linksdk.im.liveim.impb,com.linksdk,
com.linksdk.linkcore,com.linksdk,
com.lioncomsoft.triple.presentation,com.lioncomsoft,
com.lit.app,com.lit,
com.lit.core,com.lit,
com.lit.debugtool,com.lit,
com.lit.litcomposebase,com.lit,
com.litao.slider,com.litao,
com.litatom.emoji,com.litatom,
com.litatom.librank,com.litatom,
com.liteav.audio2,com.liteav,
com.litesuits.orm,com.litesuits,
com.litmatch.network,com.litmatch,
com.liulishuo.filedownloader,com.liulishuo,
com.liulishuo.okdownload,com.liulishuo,
com.liulishuo.okdownload.core,com.liulishuo,
com.live.bottommenu,com.live,
com.live.common,com.live,
com.live.core,com.live,
com.live.dailytask,com.live,
com.live.entry,com.live,
com.live.fusi,com.live,
com.live.fuxin,com.live,
com.live.gift,com.live,
com.live.greedycatmini,com.live,
com.live.honey,com.live,
com.live.hourlist,com.live,
com.live.lwchat,com.live,
com.live.msg,com.live,
com.live.noble,com.live,
com.live.operation,com.live,
com.live.pk,com.live,
com.live.playcenter,com.live,
com.live.playlettask,com.live,
com.live.redpacket,com.live,
com.live.respackage,com.live,
com.live.sidebar,com.live,
com.live.soulchill,com.live,
com.live.sticker,com.live,
com.live.task,com.live,
com.live.toolbox,com.live,
com.live.treasurebox,com.live,
com.live.vote,com.live,
com.live.warning,com.live,
com.live.wishgift,com.live,
com.live17.anim.player,com.live17,
com.live17.biz,com.live17,
com.live17.core,com.live17,
com.live17.splus,com.live17,
com.live2d.sdk.cubism,com.live2d,
com.livecore.videoarch,com.livecore,
com.livekit.reactnative,com.livekit,
com.liveramp.ats,com.liveramp,
com.liveramp.identity.bloom,com.liveramp,
com.liveverse.diandian,com.liveverse,
com.livex.soulchill.planet,com.livex,
com.lizhi.component,com.lizhi,
com.lizhi.fm,com.lizhi,
com.lizhi.idl,com.lizhi,
com.lizhi.im5,com.lizhi,
com.lizhi.itnet,com.lizhi,
com.lky.toucheffectsmodule,com.lky,
com.llfbandit.record,com.llfbandit,
com.lllibset.LLSocialGPGS,com.lllibset,
com.locket.Locket,com.locket,
com.lokalise.sdk,com.lokalise,
com.looksery.sdk,com.looksery,
com.loper7.date_time_picker,com.loper7,
com.lottiefiles.dotlottie.core,com.lottiefiles,
com.love.vone,com.love,
com.lovenes.moment,com.lovenes,
com.lovense.btservice,com.lovense,
com.lovense.mlkitvision,com.lovense,
com.lovoo.abtests,com.lovoo,
com.lovoo.admin,com.lovoo,
com.lovoo.ads,com.lovoo,
com.lovoo.ageverification,com.lovoo,
com.lovoo.android,com.lovoo,
com.lovoo.api,com.lovoo,
com.lovoo.app,com.lovoo,
com.lovoo.auth,com.lovoo,
com.lovoo.banner,com.lovoo,
com.lovoo.base,com.lovoo,
com.lovoo.bestpicks,com.lovoo,
com.lovoo.billing,com.lovoo,
com.lovoo.blocking,com.lovoo,
com.lovoo.boost,com.lovoo,
com.lovoo.botninja,com.lovoo,
com.lovoo.chat,com.lovoo,
com.lovoo.compose,com.lovoo,
com.lovoo.connections,com.lovoo,
com.lovoo.consent,com.lovoo,
com.lovoo.core,com.lovoo,
com.lovoo.credits,com.lovoo,
com.lovoo.dailysurprise,com.lovoo,
com.lovoo.dashboard,com.lovoo,
com.lovoo.data,com.lovoo,
com.lovoo.di,com.lovoo,
com.lovoo.domain,com.lovoo,
com.lovoo.email.confirmation,com.lovoo,
com.lovoo.fcm,com.lovoo,
com.lovoo.feature,com.lovoo,
com.lovoo.feed.models,com.lovoo,
com.lovoo.ftx,com.lovoo,
com.lovoo.icebreaker,com.lovoo,
com.lovoo.krop,com.lovoo,
com.lovoo.live,com.lovoo,
com.lovoo.location,com.lovoo,
com.lovoo.match,com.lovoo,
com.lovoo.message,com.lovoo,
com.lovoo.missingdata,com.lovoo,
com.lovoo.nearby,com.lovoo,
com.lovoo.network,com.lovoo,
com.lovoo.notification,com.lovoo,
com.lovoo.onboarding,com.lovoo,
com.lovoo.permission,com.lovoo,
com.lovoo.persistence,com.lovoo,
com.lovoo.profile,com.lovoo,
com.lovoo.recyclerview,com.lovoo,
com.lovoo.register.rollercoaster,com.lovoo,
com.lovoo.reminder,com.lovoo,
com.lovoo.reporting,com.lovoo,
com.lovoo.routing,com.lovoo,
com.lovoo.searchfilter,com.lovoo,
com.lovoo.secondchance,com.lovoo,
com.lovoo.settings,com.lovoo,
com.lovoo.signin,com.lovoo,
com.lovoo.social,com.lovoo,
com.lovoo.tracking,com.lovoo,
com.lovoo.ui,com.lovoo,
com.lovoo.user,com.lovoo,
com.lovoo.verification,com.lovoo,
com.lovoo.view,com.lovoo,
com.lucasjosino.on_audio_query,com.lucasjosino,
com.luck.camerax,com.luck,
com.luck.lib.camerax,com.luck,
com.luck.picture,com.luck,
com.luck.picture.lib,com.luck,
com.lufficc.lightadapter,com.lufficc,
com.lw.lwchat.activitylib,com.lw,
com.lwchat.calltab,com.lwchat,
com.lwchat.chat.mine,com.lwchat,
com.lwchat.common,com.lwchat,
com.lwchat.lwchat.lwchat.home,com.lwchat,
com.lwchat.lwchat.lwchat.store,com.lwchat,
com.lwchat.lwchat.room,com.lwchat,
com.lwchat.personalpage,com.lwchat,
com.lwchat.service,com.lwchat,
com.lwchat.voice,com.lwchat,
com.lwchatlive.lwchat.family,com.lwchatlive,
com.lwchatlive.sgvie.badge,com.lwchatlive,
com.lwchatlw.lwchat,com.lwchatlw,
com.lxj.xpopup,com.lxj,
com.lynx.jsbridge,com.lynx,
com.lynx.service,com.lynx,
com.lynx.tasm,com.lynx,
com.lzf.easyfloat,com.lzf,
com.lzy.imagepicker,com.lzy,
com.lzy.okgo,com.lzy,
com.lzy.okserver,com.lzy,
com.machipopo.media17,com.machipopo,
com.machipopo.ui.view,com.machipopo,
com.magic.multi.theme.core,com.magic,
com.magiclab.aboutme,com.magiclab,
com.magiclab.ads,com.magiclab,
com.magiclab.filters,com.magiclab,
com.maidocha.account,com.maidocha,
com.maidocha.av,com.maidocha,
com.maidocha.basis,com.maidocha,
com.maidocha.common,com.maidocha,
com.maidocha.feedback,com.maidocha,
com.maidocha.game,com.maidocha,
com.maidocha.gift,com.maidocha,
com.maidocha.growth,com.maidocha,
com.maidocha.home.presentation,com.maidocha,
com.maidocha.im,com.maidocha,
com.maidocha.moment,com.maidocha,
com.maidocha.network,com.maidocha,
com.maidocha.pay,com.maidocha,
com.maidocha.statistics,com.maidocha,
com.maidocha.ui,com.maidocha,
com.maidocha.user,com.maidocha,
com.maidocha.webview,com.maidocha,
com.maidocha.zego,com.maidocha,
com.main.facedetect,com.main,
com.mammon.audiosdk,com.mammon,
com.maniaclabs.utility,com.maniaclabs,
com.maning.imagebrowserlibrary,com.maning,
com.maning.mndialoglibrary,com.maning,
com.manjuu.azurlane,com.manjuu,
com.mapbox.common,com.mapbox,
com.mapbox.geojson,com.mapbox,
com.mapbox.mapboxsdk,com.mapbox,
com.mapbox.maps,com.mapbox,
com.margelo.nitro,com.margelo,
com.mason.common,com.mason,
com.mason.contact,com.mason,
com.mason.discover,com.mason,
com.mason.libs,com.mason,
com.mason.message,com.mason,
com.mason.moment,com.mason,
com.mason.payment,com.mason,
com.mason.setting,com.mason,
com.mason.sign,com.mason,
com.mason.user,com.mason,
com.mason.websocket,com.mason,
com.masoudss.lib,com.masoudss,
com.maticoo.sdk,com.maticoo,
com.maxkeppeler.sheets.core,com.maxkeppeler,
com.maya.immodule,com.maya,
com.mazenrashed.logdnaandroidclient,com.mazenrashed,
com.mbridge.msdk,com.mbridge,
com.mcxtzhang.indexlib,com.mcxtzhang,
com.media17.libstreaming,com.media17,
com.mediastreamlib.audio,com.mediastreamlib,
com.mediastreamlib.peer,com.mediastreamlib,
com.mediastreamlib.video,com.mediastreamlib,
com.mediatek.magt,com.mediatek,
com.mediatek.networkpolicymanager.sdk,com.mediatek,
com.mediav.ak,com.mediav,
com.mediav.toponadapter,com.mediav,
com.meemo.kk_image,com.meemo,
com.meetme.broadcast,com.meetme,
com.meetme.gson.adapters,com.meetme,
com.meetme.util,com.meetme,
com.meetup.base,com.meetup,
com.meetup.data,com.meetup,
com.meetup.domain,com.meetup,
com.meetup.feature,com.meetup,
com.meetup.library,com.meetup,
com.meetup.organizer,com.meetup,
com.meetup.redesign,com.meetup,
com.meetup.shared,com.meetup,
com.meetup.subscription,com.meetup,
com.megvii.action.fmp.liveness.lib,com.megvii,
com.megvii.lv5.sdk,com.megvii,
com.megvii.meglive_sdk,com.megvii,
com.meihu.beauty,com.meihu,
com.meihu.kalle,com.meihu,
com.meishe.album,com.meishe,
com.meishe.asset,com.meishe,
com.meishe.autocaption,com.meishe,
com.meishe.common,com.meishe,
com.meishe.config.theme,com.meishe,
com.meishe.deep,com.meishe,
com.meishe.draft,com.meishe,
com.meishe.engine,com.meishe,
com.meishe.libbase,com.meishe,
com.meishe.module,com.meishe,
com.meishe.music,com.meishe,
com.meishe.net,com.meishe,
com.meishe.photo,com.meishe,
com.meishe.photo.dialog,com.meishe,
com.meishe.third,com.meishe,
com.meishe.track,com.meishe,
com.meituan.robust,com.meituan,
com.meizu.cloud,com.meizu,
com.meizu.media.livephoto,com.meizu,
com.melon.log,com.melon,
com.melon.playback,com.melon,
com.melon.playersdk,com.melon,
com.melot.analytics,com.melot,
com.melot.basic.pomelo,com.melot,
com.melot.engine,com.melot,
com.melot.fillmoney,com.melot,
com.melot.kkalphavideo,com.melot,
com.melot.kkcommon,com.melot,
com.melot.kkpush,com.melot,
com.melot.kkroom,com.melot,
com.melot.meshow,com.melot,
com.mengxiao.core,com.mengxiao,
com.messagingclient.deliverykit.mdcore,com.messagingclient,
com.meta.arfx.engine,com.meta,
com.meta.compose,com.meta,
com.meta.foa,com.meta,
com.meta.hera.engine,com.meta,
com.meta.metaai,com.meta,
com.meta.mfa,com.meta,
com.meta.trusteddevice,com.meta,
com.meta.warp.core.api.engine,com.meta,
com.meta.wearable,com.meta,
com.metaz.chatta,com.metaz,
com.metaztech.chatta,com.metaztech,
com.metaztech.feature,com.metaztech,
com.metaztech.setting,com.metaztech,
com.metica.ads,com.metica,
com.metica.internal,com.metica,
com.meverage.sdk,com.meverage,
com.mewe.account,com.mewe,
com.mewe.auth,com.mewe,
com.mewe.common,com.mewe,
com.mewe.component,com.mewe,
com.mewe.data,com.mewe,
com.mewe.domain,com.mewe,
com.mewe.feature,com.mewe,
com.mewe.feed.ui.screens,com.mewe,
com.mewe.image.widget,com.mewe,
com.mewe.model,com.mewe,
com.mewe.mycloud.component,com.mewe,
com.mewe.network,com.mewe,
com.mewe.store,com.mewe,
com.mewe.stories.component,com.mewe,
com.mewe.ui,com.mewe,
com.mewe.util,com.mewe,
com.mi.encrypt,com.mi,
com.mi.global,com.mi,
com.miHoYo.sdk,com.miHoYo,
com.miHoYo.support,com.miHoYo,
com.mica.baselib,com.mica,
com.mica.cs,com.mica,
com.mica.overseas,com.mica,
com.mica.sdk,com.mica,
com.mica.social,com.mica,
com.mico.amain,com.mico,
com.mico.apm,com.mico,
com.mico.biz,com.mico,
com.mico.cake,com.mico,
com.mico.common,com.mico,
com.mico.compose,com.mico,
com.mico.corelib,com.mico,
com.mico.data,com.mico,
com.mico.design,com.mico,
com.mico.feature,com.mico,
com.mico.framework,com.mico,
com.mico.gim,com.mico,
com.mico.gim.sdk,com.mico,
com.mico.image,com.mico,
com.mico.joystick,com.mico,
com.mico.libx,com.mico,
com.mico.libx.dns,com.mico,
com.mico.login,com.mico,
com.mico.main,com.mico,
com.mico.md,com.mico,
com.mico.micogame,com.mico,
com.mico.model,com.mico,
com.mico.net,com.mico,
com.mico.protobuf,com.mico,
com.mico.sys,com.mico,
com.microsoft.appcenter,com.microsoft,
com.microsoft.clarity,com.microsoft,
com.microsoft.cognitiveservices.speech,com.microsoft,
com.microsoft.device,com.microsoft,
com.microsoft.projectoxford.face,com.microsoft,
com.middleware.security,com.middleware,
com.mihoyo.1,com.mihoyo,
com.mihoyo.aerial,com.mihoyo,
com.mihoyo.astrolabe,com.mihoyo,
com.mihoyo.cloudgame,com.mihoyo,
com.mihoyo.combo,com.mihoyo,
com.mihoyo.framework.sora,com.mihoyo,
com.mihoyo.framework.sora.multilanguage,com.mihoyo,
com.mihoyo.gamecloud,com.mihoyo,
com.mihoyo.gson,com.mihoyo,
com.mihoyo.hotfix.runtime,com.mihoyo,
com.mihoyo.hoyolab,com.mihoyo,
com.mihoyo.hoyolab.share,com.mihoyo,
com.mihoyo.hoyologger,com.mihoyo,
com.mihoyo.metrics,com.mihoyo,
com.mihoyo.platform,com.mihoyo,
com.mihoyo.reactlibrary,com.mihoyo,
com.mihoyo.reactnative,com.mihoyo,
com.mihoyo.router,com.mihoyo,
com.mihoyo.sdk,com.mihoyo,
com.mihoyo.sora,com.mihoyo,
com.mihoyo.sora.share,com.mihoyo,
com.mihoyo.telemetry,com.mihoyo,
com.mihoyo.wolf,com.mihoyo,
com.mihoyoos.sdk.platform,com.mihoyoos,
com.mikepenz.aboutlibraries.ui.compose,com.mikepenz,
com.mikepenz.fastadapter,com.mikepenz,
com.mikepenz.iconics,com.mikepenz,
com.mikepenz.materialdrawer,com.mikepenz,
com.mikepenz.materialize,com.mikepenz,
com.milian.playlink,com.milian,
com.millennialmedia.internal,com.millennialmedia,
com.mindorks.placeholderview,com.mindorks,
com.mingle.global,com.mingle,
com.mingle.inbox,com.mingle,
com.mingle.sticker,com.mingle,
com.mingle.twine,com.mingle,
com.miniclip.ads,com.miniclip,
com.miniclip.baconandroidsdk,com.miniclip,
com.miniclip.goliathandroidsdk,com.miniclip,
com.miniclip.madsandroidsdk,com.miniclip,
com.miniclip.notifications,com.miniclip,
com.miniclip.oneringandroid,com.miniclip,
com.miniclip.unity,com.miniclip,
com.minigame.minicloudadvertise,com.minigame,
com.minigame.minigamelogin,com.minigame,
com.minigame.minigamepay,com.minigame,
com.minigame.minigameshare,com.minigame,
com.minitech.miniaixue.web.offline,com.minitech,
com.minitech.miniworld,com.minitech,
com.miniworld.business,com.miniworld,
com.miniworld.http,com.miniworld,
com.miniworld.report,com.miniworld,
com.mirami.android,com.mirami,
com.miui.referrer,com.miui,
com.mixpanel.android,com.mixpanel,
com.mlive.mliveapp,com.mlive,
com.mltech.apm.core,com.mltech,
com.mltech.base,com.mltech,
com.mltech.core,com.mltech,
com.mltech.data,com.mltech,
com.mltech.gift_panel.giftpanel,com.mltech,
com.mltech.gift_play.giftplay,com.mltech,
com.mltech.live,com.mltech,
com.mltech.net,com.mltech,
com.mltech.rs,com.mltech,
com.mm.mediasdk,com.mm,
com.mm.mmutil,com.mm,
com.mm.radar,com.mm,
com.mm.rifle,com.mm,
com.mmc.man,com.mmc,
com.mmy.imframework,com.mmy,
com.mob.commons,com.mob,
com.mob.pushsdk,com.mob,
com.mob.tools,com.mob,
com.moba.sdk,com.moba,
com.moba.unityplugin,com.moba,
com.moba.widget,com.moba,
com.mobgum.android,com.mobgum,
com.mobgum.engine,com.mobgum,
com.mobile.auth,com.mobile,
com.mobilefuse.sdk,com.mobilefuse,
com.mobilefuse.videoplayer,com.mobilefuse,
com.mobizion.base,com.mobizion,
com.mobsandgeeks.saripaar,com.mobsandgeeks,
com.moczul.ok2curl,com.moczul,
com.model.uimodels,com.model,
com.module.live,com.module,
com.moengage.core.internal,com.moengage,
com.moengage.inapp.internal,com.moengage,
com.moengage.pushbase,com.moengage,
com.mohamedrejeb.ksoup,com.mohamedrejeb,
com.mohamedrejeb.richeditor,com.mohamedrejeb,
com.molesdk.pro,com.molesdk,
com.moloco.sdk,com.moloco,
com.momo.live,com.momo,
com.momo.mcamera,com.momo,
com.momo.momortc,com.momo,
com.momo.pipline,com.momo,
com.momo.pub,com.momo,
com.momo.rtcbase,com.momo,
com.momo.xeengine,com.momo,
com.momo.xengine,com.momo,
com.momosec.mmuid,com.momosec,
com.monetization.ads,com.monetization,
com.monetrix.adsdk,com.monetrix,
com.monitor.cloudmessage,com.monitor,
com.moogle.channel_googleplay,com.moogle,
com.moogle.gameworks_adsdk,com.moogle,
com.moogle.gameworks_payment_java,com.moogle,
com.moogle.gwaddiction,com.moogle,
com.moogle.gwjniutils.gwcoreutils,com.moogle,
com.mopub.common,com.mopub,
com.mopub.mobileads,com.mopub,
com.mostone.im.sdk,com.mostone,
com.movile.faster,com.movile,
com.movile.playkids,com.movile,
com.mozzet.components,com.mozzet,
com.mozzet.firebase,com.mozzet,
com.mozzet.noondate,com.mozzet,
com.mozzet.presenter,com.mozzet,
com.mp4parser.iso14496,com.mp4parser,
com.mp4parser.streaming,com.mp4parser,
com.mp4parsercopy.iso14496,com.mp4parsercopy,
com.mp4parsercopy.streaming,com.mp4parsercopy,
com.mparticle.kits,com.mparticle,
com.mrousavy.camera,com.mrousavy,
com.mtch.coe.profiletransfer.piertopier,com.mtch,
com.muf.sdk,com.muf,
com.multicraft.game,com.multicraft,
com.musicg.experiment,com.musicg,
com.musicg.math,com.musicg,
com.mux.android,com.mux,
com.mux.stats.sdk,com.mux,
com.mux.video.upload,com.mux,
com.muzz.app,com.muzz,
com.muzz.calling.hms,com.muzz,
com.muzz.chat,com.muzz,
com.muzz.events.presentation,com.muzz,
com.muzz.marriage,com.muzz,
com.muzz.menu,com.muzz,
com.muzz.offboarding,com.muzz,
com.muzz.report,com.muzz,
com.muzz.settings,com.muzz,
com.muzz.shared,com.muzz,
com.muzz.social,com.muzz,
com.my.target,com.my,
com.my.tracker,com.my,
com.myadlibrary.openset,com.myadlibrary,
com.myselfthird.adapter,com.myselfthird,
com.mytona.billing,com.mytona,
com.mytona.mssdk,com.mytona,
com.naef.jnlua,com.naef,
com.nasmedia.nstation,com.nasmedia,
com.naver.ads,com.naver,
com.naver.android.helloyako.imagecrop,com.naver,
com.naver.api,com.naver,
com.naver.ba.logger,com.naver,
com.naver.bonui.foundation.compose,com.naver,
com.naver.cafe,com.naver,
com.naver.chatting,com.naver,
com.naver.exoplayer,com.naver,
com.naver.gfpsdk,com.naver,
com.naver.logrider.android,com.naver,
com.naver.maps,com.naver,
com.naver.mei.sdk,com.naver,
com.naver.nelo.sdk.android,com.naver,
com.naver.prismplayer,com.naver,
com.naver.tiramisu,com.naver,
com.navercorp.android,com.navercorp,
com.navercorp.android.vgx.lib,com.navercorp,
com.navercorp.apollo.uisupport,com.navercorp,
com.navercorp.cineditor,com.navercorp,
com.navercorp.nelo2,com.navercorp,
com.navercorp.nelo2.android,com.navercorp,
com.navercorp.nid,com.navercorp,
com.navercorp.nng.android,com.navercorp,
com.navercorp.ntracker.ntrackersdk,com.navercorp,
com.navercorp.photogenie.editor,com.navercorp,
com.navercorp.smarteditor,com.navercorp,
com.navercorp.vlogcommon,com.navercorp,
com.navercorp.vlogeditor,com.navercorp,
com.navercorp.vlogviewer,com.navercorp,
com.navercorp.vtech,com.navercorp,
com.nbsp.materialfilepicker,com.nbsp,
com.nbt.oss,com.nbt,
com.nebula.apisdk,com.nebula,
com.nebula.base,com.nebula,
com.nebula.im,com.nebula,
com.nebula.livevoice,com.nebula,
com.nebula.mamu,com.nebula,
com.nebula.rtm,com.nebula,
com.nebula.uikit,com.nebula,
com.nekki.settings,com.nekki,
com.nekki.utils,com.nekki,
com.nektome.base.api,com.nektome,
com.nektome.talk,com.nektome,
com.netease.androidcrashhandler,com.netease,
com.netease.caipiao.dcsdk,com.netease,
com.netease.cc,com.netease,
com.netease.cloud.nos.yidun,com.netease,
com.netease.download,com.netease,
com.netease.environment,com.netease,
com.netease.glide,com.netease,
com.netease.htprotect,com.netease,
com.netease.inner.pushclient,com.netease,
com.netease.lava,com.netease,
com.netease.mcount,com.netease,
com.netease.messiah,com.netease,
com.netease.mobsec,com.netease,
com.netease.mpay,com.netease,
com.netease.neox,com.netease,
com.netease.newspike,com.netease,
com.netease.ngdetect.jni,com.netease,
com.netease.nim,com.netease,
com.netease.nim.highavailable,com.netease,
com.netease.nimflutter,com.netease,
com.netease.nimlib,com.netease,
com.netease.nis,com.netease,
com.netease.nis.alivedetected,com.netease,
com.netease.nis.wrapper,com.netease,
com.netease.ntunisdk,com.netease,
com.netease.pharos,com.netease,
com.netease.push,com.netease,
com.netease.sdk,com.netease,
com.netease.sdk.notificationkit,com.netease,
com.netease.unisdk,com.netease,
com.netease.yunxin,com.netease,
com.netease.yunxin.artemis,com.netease,
com.netflix.android,com.netflix,
com.netflix.cl,com.netflix,
com.netflix.depp,com.netflix,
com.netflix.games,com.netflix,
com.netflix.hawkins,com.netflix,
com.netflix.hawkins.consumer,com.netflix,
com.netflix.mediaclient,com.netflix,
com.netflix.msl,com.netflix,
com.netflix.nfgsdk,com.netflix,
com.netflix.unity,com.netflix,
com.netmarble.core,com.netmarble,
com.netmarble.googleplay,com.netmarble,
com.netmarble.pushnotification,com.netmarble,
com.networkbench.agent.impl,com.networkbench,
com.networkbench.nbslens,com.networkbench,
com.newsclapper.base,com.newsclapper,
com.newsclapper.video,com.newsclapper,
com.nextplus.android,com.nextplus,
com.nextplus.network,com.nextplus,
com.nf.ad,com.nf,
com.nf.firebase.core,com.nf,
com.nf.google,com.nf,
com.nf.view,com.nf,
com.ngame.game,com.ngame,
com.nhn.android,com.nhn,
com.nianticlabs.background,com.nianticlabs,
com.nianticlabs.bgcore,com.nianticlabs,
com.nianticlabs.nia,com.nianticlabs,
com.nianticlabs.platform,com.nianticlabs,
com.nianticlabs.pokemongoplus,com.nianticlabs,
com.nianticproject.geoclient,com.nianticproject,
com.nianticproject.holoholo,com.nianticproject,
com.nianticproject.platform,com.nianticproject,
com.nimbusds.jose,com.nimbusds,
com.nimbusds.jwt,com.nimbusds,
com.nintendo.npf.sdk,com.nintendo,
com.nirvana.tools,com.nirvana,
com.noober.background,com.noober,
com.norae.spotlight,com.norae,
com.north.light.librxffmpeg,com.north,
com.nostra13.dcloudimageloader,com.nostra13,
com.nostra13.universalimageloader,com.nostra13,
com.nostra13.universalimageloader.core,com.nostra13,
com.noyesrun.meeff,com.noyesrun,
com.o.zzz,com.o,FALSE
com.oblador.keychain,com.oblador,
com.obs.services,com.obs,
com.oculus.bloks.twilight,com.oculus,
com.oculus.messagingvr,com.oculus,
com.oculus.presence,com.oculus,
com.oculus.quickpromotion,com.oculus,
com.oculus.realtimeinfra,com.oculus,
com.oculus.twilight,com.oculus,
com.odc.adn,com.odc,
com.offertoro.sdk,com.offertoro,
com.ogoul.worldnoor,com.ogoul,
com.ogury.ad,com.ogury,
com.ogury.cm,com.ogury,
com.ogury.core.internal,com.ogury,
com.ogury.sdk,com.ogury,
com.ogury.unity,com.ogury,
com.ohbibi.fidelio,com.ohbibi,
com.olamet.mobile,com.olamet,
com.olive.ageverify.api.data.model,com.olive,
com.olive.api,com.olive,
com.olive.auth.api,com.olive,
com.olive.chat.api.data,com.olive,
com.olive.gifts.api.data,com.olive,
com.olive.matching.api.data.model,com.olive,
com.olive.notifications.api.platform,com.olive,
com.olive.rateus.domain.model,com.olive,
com.olive.subscriptions.api,com.olive,
com.omega_r.libs.omegaintentbuilder,com.omega_r,
com.omniashare.minishare,com.omniashare,
com.ondato.sdk,com.ondato,
com.onesdk.oversea.httpdns,com.onesdk,
com.onesdk.special.gem,com.onesdk,
com.onesignal.common,com.onesignal,
com.onesignal.core,com.onesignal,
com.onesignal.inAppMessages.internal,com.onesignal,
com.onesignal.influence,com.onesignal,
com.onesignal.location.internal,com.onesignal,
com.onesignal.notifications,com.onesignal,
com.onesignal.outcomes,com.onesignal,
com.onesignal.session.internal,com.onesignal,
com.onesignal.shortcutbadger,com.onesignal,
com.onesignal.user,com.onesignal,
com.onesignal.user.internal,com.onesignal,
com.onestore.iap,com.onestore,
com.onetrust.otpublishers.headless,com.onetrust,
com.onevcat.uniwebview,com.onevcat,
com.oney.WebRTCModule,com.oney,
com.openai.feature,com.openai,
com.openmediation.sdk,com.openmediation,
com.opensource.svgaplayer,com.opensource,
com.oplus.cardwidget,com.oplus,
com.oplus.channel.client,com.oplus,
com.oplus.gallery,com.oplus,
com.oplus.mmediakit,com.oplus,
com.oplus.ocs,com.oplus,
com.oplus.smartenginehelper,com.oplus,
com.opos.process.bridge,com.opos,
com.orbu.core,com.orbu,
com.ot.pubsub,com.ot,
com.otaliastudios.cameraview,com.otaliastudios,
com.otaliastudios.opengl,com.otaliastudios,
com.otaliastudios.transcoder,com.otaliastudios,
com.otaliastudios.zoom.internal,com.otaliastudios,
com.othershe.combinebitmap,com.othershe,
com.otpless.autoread,com.otpless,
com.otpless.v2.android.sdk,com.otpless,
com.oudi.adapter,com.oudi,
com.oudi.core,com.oudi,
com.oudi.utils,com.oudi,
com.oudi.widget,com.oudi,
com.outlinegames.unibill,com.outlinegames,
com.oversea.chat,com.oversea,
com.oversea.chat.luckynumbergame,com.oversea,
com.oversea.commonmodule,com.oversea,
com.oversea.crash.monitor,com.oversea,
com.oversea.googletranslate,com.oversea,
com.oversea.login,com.oversea,
com.oversea.map,com.oversea,
com.oversea.mine,com.oversea,
com.oversea.module_room_common,com.oversea,
com.oversea.module_room_party,com.oversea,
com.oversea.moment,com.oversea,
com.oversea.nim,com.oversea,
com.oversea.shortvideo,com.oversea,
com.oversea.translate,com.oversea,
com.oversea.videochat,com.oversea,
com.oversea.zego,com.oversea,
com.overseas.common,com.overseas,
com.overzealous.remark,com.overzealous,
com.p1.mobile,com.p1,
com.paltalk.chat,com.paltalk,
com.paltalk.engine.protos,com.paltalk,
com.panda.account,com.panda,
com.panda.beautify,com.panda,
com.panda.call,com.panda,
com.panda.chatroom,com.panda,
com.panda.common.api,com.panda,
com.panda.forum,com.panda,
com.panda.game,com.panda,
com.panda.message,com.panda,
com.panda.mine,com.panda,
com.panda.ml.kit,com.panda,
com.panda.report,com.panda,
com.panda.tribe,com.panda,
com.panda.wallet,com.panda,
com.pandora.common,com.pandora,
com.pandora.ttlicense2,com.pandora,
com.pandora.ttsdk,com.pandora,
com.pandulapeter.beagle,com.pandulapeter,
com.papaya.base,com.papaya,
com.papegames.compat,com.papegames,
com.papegames.eki_library,com.papegames,
com.papegames.gamelib,com.papegames,
com.papegames.log,com.papegames,
com.papegames.oss,com.papegames,
com.papegames.oversea,com.papegames,
com.parallel.cocalero,com.parallel,
com.parallelcorp.cocalerovoicechat,com.parallelcorp,
com.parshipmeet.external,com.parshipmeet,
com.path.android.jobqueue,com.path,
com.patrykandpatrick.vico,com.patrykandpatrick,
com.paulinasadowska.rxworkmanagerobservers,com.paulinasadowska,
com.pay.lwchat_pay,com.pay,
com.payssion.android.sdk,com.payssion,
com.pcsdk.share.core,com.pcsdk,
com.pedro.common,com.pedro,
com.pedro.encoder,com.pedro,
com.pedro.library,com.pedro,
com.pedro.rtmp,com.pedro,
com.pedro.rtsp,com.pedro,
com.pedro.srt,com.pedro,
com.peeglelive.achievement,com.peeglelive,
com.peeglelive.advertisement,com.peeglelive,
com.peeglelive.beauty,com.peeglelive,
com.peeglelive.comment,com.peeglelive,
com.peeglelive.coupon,com.peeglelive,
com.peeglelive.data,com.peeglelive,
com.peeglelive.epf,com.peeglelive,
com.peeglelive.exchange,com.peeglelive,
com.peeglelive.friend,com.peeglelive,
com.peeglelive.invite,com.peeglelive,
com.peeglelive.like,com.peeglelive,
com.peeglelive.model,com.peeglelive,
com.peeglelive.music,com.peeglelive,
com.peeglelive.newstream,com.peeglelive,
com.peeglelive.notifications,com.peeglelive,
com.peeglelive.payment,com.peeglelive,
com.peeglelive.post,com.peeglelive,
com.peeglelive.privatestreaming,com.peeglelive,
com.peeglelive.rechage,com.peeglelive,
com.peeglelive.reply,com.peeglelive,
com.peeglelive.report,com.peeglelive,
com.peeglelive.safemode,com.peeglelive,
com.peeglelive.storeis,com.peeglelive,
com.peeglelive.subscribers,com.peeglelive,
com.peeglelive.task,com.peeglelive,
com.peeglelive.ui,com.peeglelive,
com.peeglelive.videoediting,com.peeglelive,
com.peeglelive.videotrimer,com.peeglelive,
com.peeglelive.wallet,com.peeglelive,
com.peeglelive.wishers,com.peeglelive,
com.peeglelive.withdraw,com.peeglelive,
com.peeglelive.xmpp,com.peeglelive,
com.peerstream.chat,com.peerstream,
com.perfsight.apm,com.perfsight,
com.perfsight.gpm,com.perfsight,
com.perimeterx.msdk,com.perimeterx,
com.perm.kate,com.perm,
com.permissionx.guolindev,com.permissionx,
com.perrystreet.analytics,com.perrystreet,
com.perrystreet.designsystem,com.perrystreet,
com.perrystreet.dto,com.perrystreet,
com.perrystreet.enums,com.perrystreet,
com.perrystreet.feature.utils,com.perrystreet,
com.perrystreet.frameworkproviders,com.perrystreet,
com.perrystreet.logic,com.perrystreet,
com.perrystreet.models,com.perrystreet,
com.perrystreet.network,com.perrystreet,
com.perrystreet.repositories.remote,com.perrystreet,
com.perrystreet.screens,com.perrystreet,
com.perrystreet.viewmodels,com.perrystreet,
com.petterp.floatingx,com.petterp,
com.pgl.ssdk.ces,com.pgl,
com.phonecool.beesdk,com.phonecool,
com.phonepe.intent.sdk,com.phonepe,
com.pichillilorenzo.flutter_inappwebview,com.pichillilorenzo,
com.pichillilorenzo.flutter_inappwebview_android,com.pichillilorenzo,
com.pierfrancescosoffritti.androidyoutubeplayer.core,com.pierfrancescosoffritti,
com.pierfrancescosoffritti.androidyoutubeplayer.core.player,com.pierfrancescosoffritti,
com.pinger.adlib,com.pinger,
com.pinger.analytics,com.pinger,
com.pinger.autoreply,com.pinger,
com.pinger.base,com.pinger,
com.pinger.billing,com.pinger,
com.pinger.common,com.pinger,
com.pinger.contacts,com.pinger,
com.pinger.dataprivacy,com.pinger,
com.pinger.permissions,com.pinger,
com.pinger.pingerrestrequest,com.pinger,
com.pinger.procontacts,com.pinger,
com.pinger.textfree,com.pinger,
com.pinger.unifiedlogger,com.pinger,
com.pinger.utilities,com.pinger,
com.pinger.videoprocessing,com.pinger,
com.pinger.voice,com.pinger,
com.pinger.ypresto,com.pinger,
com.pita.meyo,com.pita,
com.pita.my_common_plugin,com.pita,
com.pixeption.mck,com.pixeption,
com.pixui.embedded,com.pixui,
com.plamfy.data,com.plamfy,
com.plamfy.platform,com.plamfy,
com.platform.plamfy,com.platform,
com.plattysoft.leonids,com.plattysoft,
com.playmini.miniworld,com.playmini,
com.playon.bridge,com.playon,
com.playon.internal,com.playon,
com.pluto.plugins,com.pluto,
com.polestar.ad,com.polestar,
com.polestar.clone,com.polestar,
com.polestar.superclone,com.polestar,
com.polestar.task.network,com.polestar,
com.polygamma.ogm,com.polygamma,
com.popa.video.live,com.popa,
com.poppo.exolibrary,com.poppo,
com.portmone.ecomsdk,com.portmone,
com.posthog.android,com.posthog,
com.posthog.internal,com.posthog,
com.pppc.ad.analytics,com.pppc,
com.pppc.android.echotracker,com.pppc,
com.pppc.bfflogin,com.pppc,
com.pppc.bffpay,com.pppc,
com.pppc.cmp,com.pppc,
com.pppc.common,com.pppc,
com.pppc.config,com.pppc,
com.pppc.cross,com.pppc,
com.pppc.lib,com.pppc,
com.pppc.oaid,com.pppc,
com.pppc.operations,com.pppc,
com.pppc.pay.common,com.pppc,
com.pppc.pcsdktp,com.pppc,
com.pppc.permission,com.pppc,
com.pppc.psdk.socket,com.pppc,
com.pppc.push,com.pppc,
com.pppc.sdk,com.pppc,
com.pppc.tlog,com.pppc,
com.pppc.uikit,com.pppc,
com.pppc.update,com.pppc,
com.pppc.user,com.pppc,
com.pppc.webcontainer,com.pppc,
com.pravera.flutter_foreground_task,com.pravera,
com.probits.argo,com.probits,
com.prongbang.screenprotect,com.prongbang,
com.proxy.ad,com.proxy,
com.pubmatic.sdk,com.pubmatic,
com.pubnub.api,com.pubnub,
com.pubscale.caterpillar.analytics,com.pubscale,
com.pubscale.sdkone.offerwall,com.pubscale,
com.pujiagames.oaid,com.pujiagames,
com.pusher.client,com.pusher,
com.pushwoosh.amazon,com.pushwoosh,
com.pushwoosh.badge,com.pushwoosh,
com.pushwoosh.firebase,com.pushwoosh,
com.pushwoosh.inapp,com.pushwoosh,
com.pushwoosh.internal,com.pushwoosh,
com.pushwoosh.notification,com.pushwoosh,
com.puzzle.plugin.tools,com.puzzle,
com.qhqc.core,com.qhqc,
com.qiahao.base_common,com.qiahao,
com.qiahao.hilo_message,com.qiahao,
com.qiahao.hilolite,com.qiahao,
com.qiahao.nextvideo,com.qiahao,
com.qiniu.android,com.qiniu,
com.qiniu.bytedanceplugin,com.qiniu,
com.qiniu.pili.droid.report,com.qiniu,
com.qiniu.pili.droid.shortvideo,com.qiniu,
com.qmuiteam.qmui,com.qmuiteam,
com.qonversion.android.sdk,com.qonversion,
com.qq.e,com.qq,
com.qr.biu,com.qr,
com.qrcode.zxing,com.qrcode,
com.qttaudio.sdk,com.qttaudio,
com.quago.mobile.sdk,com.quago,
com.quickblox.auth,com.quickblox,
com.quickblox.chat,com.quickblox,
com.quickblox.core,com.quickblox,
com.quickblox.users,com.quickblox,
com.quickblox.videochat.webrtc,com.quickblox,
com.qumeng.overseas.advlib,com.qumeng,
com.ramcosta.composedestinations,com.ramcosta,
com.rcplatform.accountsecurityui,com.rcplatform,
com.rcplatform.accountsecurityvm,com.rcplatform,
com.rcplatform.configuration,com.rcplatform,
com.rcplatform.discoveryui,com.rcplatform,
com.rcplatform.editprofile,com.rcplatform,
com.rcplatform.http.api,com.rcplatform,
com.rcplatform.livecamvm,com.rcplatform,
com.rcplatform.livechat,com.rcplatform,
com.rcplatform.report,com.rcplatform,
com.rcplatform.simulation,com.rcplatform,
com.rcplatform.user.info.update,com.rcplatform,
com.rcplatform.videochat,com.rcplatform,
com.rcplatform.yoti,com.rcplatform,
com.rd.animation,com.rd,
com.rd.draw,com.rd,
com.reactcorp.cocalero,com.reactcorp,
com.reactnativecompressor.Video.VideoCompressor,com.reactnativecompressor,
com.reactnativekeyboardcontroller.views,com.reactnativekeyboardcontroller,
com.readystatesoftware.chuck.internal,com.readystatesoftware,
com.rebeloid.unity_ads,com.rebeloid,
com.redmadrobot.inputmask,com.redmadrobot,
com.regula.common,com.regula,
com.regula.documentreader.api,com.regula,
com.reklamup.ads,com.reklamup,
com.relationship.coach,com.relationship,
com.reliancegames.plugins,com.reliancegames,
com.renderheads.AVPro,com.renderheads,
com.renxh.kit,com.renxh,
com.retroarch.browser,com.retroarch,
com.revenuecat.purchases,com.revenuecat,
com.revo.game,com.revo,
com.rey.material,com.rey,
com.reyun.se.remote.config.unity.bridge,com.reyun,
com.reyun.solar.engine,com.reyun,
com.rhyme.r_scan,com.rhyme,
com.rnmapbox.rnmbx,com.rnmapbox,
com.rockstargames.oswrapper,com.rockstargames,
com.rokt.core,com.rokt,
com.rokt.data,com.rokt,
com.rokt.modelmapper,com.rokt,
com.rokt.network,com.rokt,
com.rokt.roktsdk,com.rokt,
com.rokt.roktux,com.rokt,
com.rongcloud.im.uikit,com.rongcloud,
com.rousetime.android_startup,com.rousetime,
com.rovio.beacon,com.rovio,
com.rubylight.android,com.rubylight,
com.rudderstack.android,com.rudderstack,
com.rudderstack.web,com.rudderstack,
com.ruffian.library.widget,com.ruffian,
com.safedk.android,com.safedk,
com.samsung.android,com.samsung,
com.samsung.android.game,com.samsung,
com.samsung.android.sdk.look,com.samsung,
com.samsung.android.sdk.sinstallreferrer,com.samsung,
com.sandbox.easter,com.sandbox,
com.sandboxol.abtest,com.sandboxol,
com.sandboxol.ads,com.sandboxol,
com.sandboxol.ads.trad,com.sandboxol,
com.sandboxol.adsoversea,com.sandboxol,
com.sandboxol.blockmango,com.sandboxol,
com.sandboxol.blocky,com.sandboxol,
com.sandboxol.businessevent,com.sandboxol,
com.sandboxol.center,com.sandboxol,
com.sandboxol.common,com.sandboxol,
com.sandboxol.community,com.sandboxol,
com.sandboxol.decorate,com.sandboxol,
com.sandboxol.discount,com.sandboxol,
com.sandboxol.editor,com.sandboxol,
com.sandboxol.file,com.sandboxol,
com.sandboxol.gameblocky,com.sandboxol,
com.sandboxol.gamedetail,com.sandboxol,
com.sandboxol.gift,com.sandboxol,
com.sandboxol.goldencube,com.sandboxol,
com.sandboxol.greendao,com.sandboxol,
com.sandboxol.halloween,com.sandboxol,
com.sandboxol.home,com.sandboxol,
com.sandboxol.imchat,com.sandboxol,
com.sandboxol.indiegame,com.sandboxol,
com.sandboxol.libhuaweireport,com.sandboxol,
com.sandboxol.library,com.sandboxol,
com.sandboxol.lightbase,com.sandboxol,
com.sandboxol.login,com.sandboxol,
com.sandboxol.messager,com.sandboxol,
com.sandboxol.migration,com.sandboxol,
com.sandboxol.mine,com.sandboxol,
com.sandboxol.newvip,com.sandboxol,
com.sandboxol.oversea,com.sandboxol,
com.sandboxol.pingreport,com.sandboxol,
com.sandboxol.recharge,com.sandboxol,
com.sandboxol.redeem,com.sandboxol,
com.sandboxol.repository,com.sandboxol,
com.sandboxol.social,com.sandboxol,
com.sandboxol.summon,com.sandboxol,
com.sandboxol.themedecorate,com.sandboxol,
com.sandboxol.videosubmit,com.sandboxol,
com.sandboxol.vip,com.sandboxol,
com.sankuai.waimai.router,com.sankuai,
com.saucesdk.android,com.saucesdk,
com.sayhi.plugin,com.sayhi,
com.scorp.who,com.scorp,
com.scwang.smart,com.scwang,
com.scwang.smart.refresh,com.scwang,
com.scwang.smart.refresh.layout,com.scwang,
com.scwang.smartrefresh,com.scwang,
com.scwang.smartrefresh.layout,com.scwang,
com.sdk.appcoins_adyen,com.sdk,
com.sdk.base,com.sdk,
com.sdk.growthbook,com.sdk,
com.sdk.mobile,com.sdk,
com.sdkit.paylib,com.sdkit,
com.seasun.data.client,com.seasun,
com.secmtp.sdk,com.secmtp,
com.secret.chat,com.secret,
com.secret.database,com.secret,
com.secret.newcall,com.secret,
com.secret.slmediasdkandroid,com.secret,
com.secret.ui,com.secret,
com.sega.f2fextension,com.sega,
com.sega.sgn,com.sega,
com.sega.sxc,com.sega,
com.segment.analytics,com.segment,
com.segment.analytics.kotlin,com.segment,
com.sensetime.effects,com.sensetime,
com.sensetime.stmobile,com.sensetime,
com.sensorsdata.analytics,com.sensorsdata,
com.sensorsdata.analytics.android,com.sensorsdata,
com.sensorsdata.analytics.android.sdk,com.sensorsdata,
com.sensorsdata.sf,com.sensorsdata,
com.sensortower.accessibility,com.sensortower,
com.sensortower.background.pushreceiver,com.sensortower,
com.sensortower.network,com.sensortower,
com.sensortower.ui,com.sensortower,
com.sensortower.usage,com.sensortower,
com.sensortower.util,com.sensortower,
com.sfbx.appconsent.core,com.sfbx,
com.sfbx.appconsentv3,com.sfbx,
com.shady.billing,com.shady,
com.shakebugs.shake,com.shakebugs,
com.sharemasala.mobile.edge2edge,com.sharemasala,
com.shephertz.app42.gaming.multiplayer.client,com.shephertz,
com.shizhefei.view,com.shizhefei,
com.shopify.reactnative,com.shopify,
com.show.dd,com.show,
com.show.im,com.show,
com.shuyu.gsyvideoplayer,com.shuyu,
com.sigmateam.google,com.sigmateam,
com.sigmateam.sige,com.sigmateam,
com.signal.android,com.signal,
com.sijla.g.a,com.sijla,
com.sijla.h,com.sijla,
com.sijla.mla.a,com.sijla,
com.sina.dns.httpdns,com.sina,
com.sina.push,com.sina,
com.sina.sinalivesdk,com.sina,
com.sina.wbim,com.sina,
com.sina.weibo,com.sina,
com.sina.weibo.sdk,com.sina,
com.sinch.metadata,com.sinch,
com.sinch.sanalytics.client,com.sinch,
com.sinch.verification,com.sinch,
com.sinch.verification.a,com.sinch,
com.singular.sdk.internal,com.singular,
com.sinping.iosdialog,com.sinping,
com.sirius.flutter,com.sirius,
com.sirius.meemo,com.sirius,
com.skcreators.object,com.skcreators,
com.skport.album,com.skport,
com.skydoves.balloon,com.skydoves,
com.skydoves.colorpickerview,com.skydoves,
com.skydoves.landscapist,com.skydoves,
com.skydoves.sandwich,com.skydoves,
com.slay.pengu,com.slay,
com.slre.pta,com.slre,
com.smaato.iabtcf,com.smaato,
com.smaato.sdk,com.smaato,
com.smart.adapter,com.smart,
com.smartadserver.android,com.smartadserver,
com.smartadserver.android.library,com.smartadserver,
com.smartdigimkt.expressad,com.smartdigimkt,
com.smartdigimkt.sdk,com.smartdigimkt,
com.smartfoxserver.v2,com.smartfoxserver,
com.smartlook.android,com.smartlook,
com.smartlook.sdk,com.smartlook,
com.smartlook.sdk.smartlook.analytic,com.smartlook,
com.smartlook.sdk.smartlook.core,com.smartlook,
com.smartlook.sdk.smartlook.integration,com.smartlook,
com.snail.antifake,com.snail,
com.snap.business.sdk,com.snap,
com.snap.business.sdk.v3,com.snap,
com.snap.camerakit,com.snap,
com.snap.corekit,com.snap,
com.snap.creativekit,com.snap,
com.snap.kit,com.snap,
com.snap.loginkit,com.snap,
com.snapchat.kit.sdk,com.snapchat,
com.snatik.storage,com.snatik,
com.snowplowanalytics.core,com.snowplowanalytics,
com.snowplowanalytics.snowplow,com.snowplowanalytics,
com.sntown.messengerpal,com.sntown,
com.sobot.chat,com.sobot,
com.sobot.gson,com.sobot,
com.sobot.network,com.sobot,
com.sobot.widget,com.sobot,
com.social.gppay,com.social,
com.softsugar.stmobile,com.softsugar,
com.sofunny.eventAnalyzer,com.sofunny,
com.somatch.android,com.somatch,
com.some.racegame,com.some,
com.soul.android,com.soul,
com.soul.component.componentlib,com.soul,
com.soul.component.componentlib.service,com.soul,
com.soul.slmediasdkandroid,com.soul,
com.soul.slplayer,com.soul,
com.soul.soulglide,com.soul,
com.soulapp.android,com.soulapp,
com.soulapp.cableway,com.soulapp,
com.soulapp.live,com.soulapp,
com.soulapp.soulgift,com.soulapp,
com.soulchill.live,com.soulchill,
com.soulla.android,com.soulla,
com.soulla.im,com.soulla,
com.soulla.main,com.soulla,
com.soulla.module,com.soulla,
com.soulla.support,com.soulla,
com.sourcepoint.cmplibrary,com.sourcepoint,
com.sourcepoint.mobile_core,com.sourcepoint,
com.splunk.mint.network,com.splunk,
com.spotify.android.appremote,com.spotify,
com.spotify.protocol,com.spotify,
com.spotify.sdk.android.auth,com.spotify,
com.sq.lib.photo,com.sq,
com.squareup.haha,com.squareup,
com.squareup.kotlinpoet,com.squareup,
com.squareup.leakcanary,com.squareup,
com.squareup.moshi,com.squareup,
com.squareup.okhttp,com.squareup,
com.squareup.okhttp.internal,com.squareup,
com.squareup.sqldelight,com.squareup,
com.ss.android,com.ss,
com.ss.android.ttvecamera,com.ss,
com.ss.avframework,com.ss,
com.ss.bduploader,com.ss,
com.ss.bytertc,com.ss,
com.ss.bytertc.audio.device,com.ss,
com.ss.mediakit,com.ss,
com.ss.texturerender,com.ss,
com.ss.ttm,com.ss,
com.ss.ttvideoengine,com.ss,
com.ss.ugc,com.ss,
com.ss.ugc.android,com.ss,
com.ss.ugc.android.alpha_player,com.ss,
com.ss.ugc.aweme,com.ss,
com.ss.videoarch,com.ss,
com.stansassets.android,com.stansassets,
com.stansassets.core,com.stansassets,
com.star.moki,com.star,
com.starlink.busniess,com.starlink,
com.starlink.crushlive,com.starlink,
com.starstable.ssom,com.starstable,
com.startapp.sdk,com.startapp,
com.startapp.simple.bloomfilter,com.startapp,
com.stealthcopter.networktools,com.stealthcopter,
com.steelkiwi.cropiwa,com.steelkiwi,
com.stfalcon.chatkit,com.stfalcon,
com.stfalcon.frescoimageviewer,com.stfalcon,
com.stfalcon.imageviewer,com.stfalcon,
com.stripe.android,com.stripe,
com.stripe.hcaptcha,com.stripe,
com.subao.common,com.subao,
com.sukkirin.api,com.sukkirin,
com.sukkirin.chat,com.sukkirin,
com.sukkirin.customview,com.sukkirin,
com.sukkirin.database,com.sukkirin,
com.sukkirin.newcall,com.sukkirin,
com.sukkirin.ui,com.sukkirin,
com.sumsub.log,com.sumsub,
com.sumsub.sns,com.sumsub,
com.sun.jna,com.sun,
com.sun.mail,com.sun,
com.sun.msv.datatype,com.sun,
com.sunhapper.x.spedit,com.sunhapper,
com.sunshine.engine,com.sunshine,
com.superbinogo.object,com.superbinogo,
com.supercell.id,com.supercell,
com.supercell.titan,com.supercell,
com.superlive.domain,com.superlive,
com.superlive.liveapp,com.superlive,
com.superlive.manager,com.superlive,
com.superlive.model,com.superlive,
com.superlive.twitterauth,com.superlive,
com.superlive.ui,com.superlive,
com.superlive.websocket,com.superlive,
com.supernova.app,com.supernova,
com.superwall.sdk,com.superwall,
com.supportlib.advertise,com.supportlib,
com.supportlib.basic,com.supportlib,
com.supportlib.common,com.supportlib,
com.supportlib.crash,com.supportlib,
com.supportlib.generalcomponentssdk,com.supportlib,
com.supportlib.login,com.supportlib,
com.supportlib.mall,com.supportlib,
com.supportlib.notification,com.supportlib,
com.supportlib.pay,com.supportlib,
com.supportlib.publication,com.supportlib,
com.supportlib.share,com.supportlib,
com.supportlib.track,com.supportlib,
com.surgeapp.common.ui,com.surgeapp,
com.surgeapp.core,com.surgeapp,
com.surgeapp.ui,com.surgeapp,
com.surgeapp.zoe,com.surgeapp,
com.surveymonkey.surveymonkeyandroidsdk,com.surveymonkey,
com.survicate.surveys,com.survicate,
com.swip.swipsdk,com.swip,
com.swmansion.gesturehandler,com.swmansion,
com.swmansion.reanimated,com.swmansion,
com.swmansion.rnscreens,com.swmansion,
com.swrve.sdk,com.swrve,
com.sybo.ads,com.sybo,
com.ta.a,com.ta,
com.ta.utdid2,com.ta,
com.taboola.flutter,com.taboola,
com.tabtale.adsmanager.adtypeimpls,com.tabtale,
com.tabtale.ttplugins,com.tabtale,
com.takusemba.spotlight,com.takusemba,
com.talk.base,com.talk,
com.talk.channel,com.talk,
com.talk.common,com.talk,
com.talk.dynamic,com.talk,
com.talk.inapp,com.talk,
com.talk.learn.push,com.talk,
com.talk.live,com.talk,
com.talk.login,com.talk,
com.talk.lsp,com.talk,
com.talk.match,com.talk,
com.talk.partner,com.talk,
com.talk.profile,com.talk,
com.talk.study,com.talk,
com.talk.video_feed,com.talk,
com.talkfun.livestreaming,com.talkfun,
com.talkfun.share,com.talkfun,
com.talkin.cardview,com.talkin,
com.talkin.guide,com.talkin,
com.talkin.live,com.talkin,
com.talkin.vip,com.talkin,
com.tamasha.live,com.tamasha,
com.tanchat.audio,com.tanchat,
com.tanchat.live,com.tanchat,
com.tantan.library.svga,com.tantan,
com.tantan.tanker,com.tantan,
com.tantanapp.android.injecter,com.tantanapp,
com.tantanapp.beatles,com.tantanapp,
com.tantanapp.common,com.tantanapp,
com.tantanapp.foxstatistics,com.tantanapp,
com.tantanapp.httpdns,com.tantanapp,
com.tantanapp.ijk.media,com.tantanapp,
com.tantanapp.media,com.tantanapp,
com.tantanapp.push,com.tantanapp,
com.tantanapp.sharelib.workmanager,com.tantanapp,
com.taobao.accs,com.taobao,
com.taobao.power_image,com.taobao,
com.taobao.weex,com.taobao,
com.tapdaq.adapters,com.tapdaq,
com.tapdaq.sdk,com.tapdaq,
com.tapjoy.mraid,com.tapjoy,
com.tapr.internal.activities,com.tapr,
com.tapresearch.tapsdk,com.tapresearch,
com.taptap.reactor,com.taptap,
com.taptap.sdk,com.taptap,
com.taptap.skynet,com.taptap,
com.tarek360.instacapture,com.tarek360,
com.taurusx.tax,com.taurusx,
com.tbs.smtt,com.tbs,
com.tbuonomo.viewpagerdotsindicator,com.tbuonomo,
com.tcloud.core,com.tcloud,
com.tdatamaster.tdm,com.tdatamaster,
com.tds.common,com.tds,
com.tds.moment,com.tds,
com.tds.tapdb,com.tds,
com.tds.xdg,com.tds,
com.tekartik.sqflite,com.tekartik,
com.teleparty.android,com.teleparty,
com.teltlk.app,com.teltlk,
com.teltlk.flutter_openim_sdk,com.teltlk,
com.tencent.aai,com.tencent,
com.tencent.abase,com.tencent,
com.tencent.android,com.tencent,
com.tencent.apollo.qr,com.tencent,
com.tencent.av,com.tencent,
com.tencent.beacon,com.tencent,
com.tencent.beacontdm,com.tencent,
com.tencent.bugly,com.tencent,
com.tencent.bugly.idasc,com.tencent,
com.tencent.chat.tencent_cloud_chat_sdk,com.tencent,
com.tencent.cloud,com.tencent,
com.tencent.cloud.huiyansdkface,com.tencent,
com.tencent.cloud.tuikit.engine,com.tencent,
com.tencent.codm,com.tencent,
com.tencent.component.utils,com.tencent,
com.tencent.connect,com.tencent,
com.tencent.cos.xml,com.tencent,
com.tencent.could,com.tencent,
com.tencent.crashsight.core,com.tencent,
com.tencent.custom.customcapture,com.tencent,
com.tencent.effect,com.tencent,
com.tencent.estv.shadow,com.tencent,
com.tencent.estvbc,com.tencent,
com.tencent.feedback,com.tencent,
com.tencent.galileo,com.tencent,
com.tencent.gaya,com.tencent,
com.tencent.gcloud,com.tencent,
com.tencent.gcloud.httpdns,com.tencent,
com.tencent.gcloud.msdk,com.tencent,
com.tencent.grobot.lite,com.tencent,
com.tencent.gsdk,com.tencent,
com.tencent.hawk,com.tencent,
com.tencent.ieg.gpc.globalization,com.tencent,
com.tencent.ijk.media,com.tencent,
com.tencent.iliveroom.a,com.tencent,
com.tencent.imsdk,com.tencent,
com.tencent.imsdk.android,com.tencent,
com.tencent.itop.httpdns,com.tencent,
com.tencent.keepalive,com.tencent,
com.tencent.lbssearch,com.tencent,
com.tencent.liteav,com.tencent,
com.tencent.map,com.tencent,
com.tencent.mapsdk,com.tencent,
com.tencent.mars,com.tencent,
com.tencent.matrix,com.tencent,
com.tencent.matrix.trace,com.tencent,
com.tencent.mm,com.tencent,
com.tencent.mm.opensdk,com.tencent,
com.tencent.mna,com.tencent,
com.tencent.monet,com.tencent,
com.tencent.msdk,com.tencent,
com.tencent.msdk.dns,com.tencent,
com.tencent.mtt,com.tencent,
com.tencent.open,com.tencent,
com.tencent.pandora,com.tencent,
com.tencent.protocol.tme,com.tencent,
com.tencent.qcloud,com.tencent,
com.tencent.qcloud.core,com.tencent,
com.tencent.qcloud.tuicore,com.tencent,
com.tencent.qgame.animplayer,com.tencent,
com.tencent.qgame1.animplayer,com.tencent,
com.tencent.qimei,com.tencent,
com.tencent.qmsp.sdk,com.tencent,
com.tencent.rmonitor,com.tencent,
com.tencent.rtmp,com.tencent,
com.tencent.smtt,com.tencent,
com.tencent.sqlitelint,com.tencent,
com.tencent.tav,com.tencent,
com.tencent.tcmediax,com.tencent,
com.tencent.tcr.sdk,com.tencent,
com.tencent.tdm,com.tencent,
com.tencent.tencentmap,com.tencent,
com.tencent.tga,com.tencent,
com.tencent.thirdbeauty,com.tencent,
com.tencent.thumbplayer,com.tencent,
com.tencent.thumbplayer.tcmedia,com.tencent,
com.tencent.timpush,com.tencent,
com.tencent.tme,com.tencent,
com.tencent.tmediacodec,com.tencent,
com.tencent.tmgp,com.tencent,
com.tencent.tmsbeacon,com.tencent,
com.tencent.tmsecurelite,com.tencent,
com.tencent.tp.gamekeeper,com.tencent,
com.tencent.tpns,com.tencent,
com.tencent.trtc,com.tencent,
com.tencent.trtc.hardwareearmonitor,com.tencent,
com.tencent.trtcvoiceroom.model.impl,com.tencent,
com.tencent.tv.core,com.tencent,
com.tencent.ugc,com.tencent,
com.tencent.vasdolly,com.tencent,
com.tencent.vod.flutter,com.tencent,
com.tencent.wcdb,com.tencent,
com.tencent.weg.web,com.tencent,
com.tencent.wework.api,com.tencent,
com.tencent.wxop.stat,com.tencent,
com.tencent.xmagic,com.tencent,
com.tencent.youtu,com.tencent,
com.tencentcloudapi.cls,com.tencentcloudapi,
com.tencentcloudapi.cls.android.producer,com.tencentcloudapi,
com.tenjin.android,com.tenjin,
com.textmeinc.ads,com.textmeinc,
com.textmeinc.analytics,com.textmeinc,
com.textmeinc.core,com.textmeinc,
com.textmeinc.features,com.textmeinc,
com.textmeinc.legacy,com.textmeinc,
com.textmeinc.push,com.textmeinc,
com.textmeinc.settings,com.textmeinc,
com.textmeinc.store,com.textmeinc,
com.textmeinc.textme3,com.textmeinc,
com.textmeinc.tml,com.textmeinc,
com.tfg.libs,com.tfg,
com.tg.base,com.tg,
com.thefinestartist.utils,com.thefinestartist,
com.themeetgroup.facedetection,com.themeetgroup,
com.themeetgroup.verification,com.themeetgroup,
com.themeetgroup.widget,com.themeetgroup,
com.theoplayer.android,com.theoplayer,
com.theoplayer.ext.org.mp4parser,com.theoplayer,
com.theoplayer.mediacodec,com.theoplayer,
com.therouter.router,com.therouter,
com.theymes.sdk,com.theymes,
com.thingclips.bouncycastle,com.thingclips,
com.thingclips.scene.core,com.thingclips,
com.thingclips.sdk,com.thingclips,
com.thingclips.smart,com.thingclips,
com.thunder.livesdk,com.thunder,
com.tiange.album,com.tiange,
com.tiange.miaolive,com.tiange,
com.tianxin.downloadcenter,com.tianxin,
com.tiens.im,com.tiens,
com.tiens.step,com.tiens,
com.tiktok.appevents,com.tiktok,
com.tiktok.iap.billing,com.tiktok,
com.tiktok.open.sdk,com.tiktok,
com.tiktok.ttm,com.tiktok,
com.timehop.stickyheadersrecyclerview,com.timehop,
com.tinder.scarlet,com.tinder,
com.tinyco.griffin,com.tinyco,
com.tmall.wireless,com.tmall,
com.tmg.ads,com.tmg,
com.tnkfactory.ad,com.tnkfactory,
com.tnkfactory.framework,com.tnkfactory,
com.tns.gen,com.tns,
com.tns.system,com.tns,
com.tns.tests.kotlin,com.tns,
com.tohsoft.ad,com.tohsoft,
com.tommy.liteav,com.tommy,
com.tommy.rtmp,com.tommy,
com.tommy.thumbplayer,com.tommy,
com.tommy.ugc,com.tommy,
com.tongdaxing.erban,com.tongdaxing,
com.tongdaxing.erban.libcommon,com.tongdaxing,
com.tongdaxing.xchat_core,com.tongdaxing,
com.tongdaxing.xchat_framework,com.tongdaxing,
com.tonyodev.fetch2,com.tonyodev,
com.top.gamelib,com.top,
com.top.gameludo,com.top,
com.tp.adx,com.tp,
com.tradplus.ads,com.tradplus,
com.tradplus.crosspro,com.tradplus,
com.tradplus.meditaiton,com.tradplus,
com.tradplus.unity.plugin,com.tradplus,
com.tramini.plugin,com.tramini,
com.transistorsoft.flutter,com.transistorsoft,
com.transistorsoft.locationmanager,com.transistorsoft,
com.transsion.athena,com.transsion,
com.transsion.core,com.transsion,
com.transsion.gamead,com.transsion,
com.transsion.gamecore,com.transsion,
com.transsion.infra.gateway.core,com.transsion,
com.transsion.json,com.transsion,
com.transsion.sdk.oneid,com.transsion,
com.trello.navi2,com.trello,
com.trello.rxlifecycle,com.trello,
com.trello.rxlifecycle2,com.trello,
com.trello.rxlifecycle3,com.trello,
com.trello.rxlifecycle4,com.trello,
com.trtc.tuikit.common,com.trtc,
com.trtc.uikit,com.trtc,
com.truecaller.android.sdk,com.truecaller,
com.trustdecision.android,com.trustdecision,
com.trustdecision.liveness.cw,com.trustdecision,
com.trustdecision.mobrisk,com.trustdecision,
com.truthsocial.app,com.truthsocial,
com.truthsocial.features,com.truthsocial,
com.tryingoutsomething.soundmode.sound_mode,com.tryingoutsomething,
com.tsf4g.gcloud,com.tsf4g,
com.ttkmedia.datacenter,com.ttkmedia,
com.ttnet.org.chromium,com.ttnet,
com.tumblr.activity,com.tumblr,
com.tumblr.ad,com.tumblr,
com.tumblr.ageverification.impl,com.tumblr,
com.tumblr.analytics,com.tumblr,
com.tumblr.appeal,com.tumblr,
com.tumblr.badges,com.tumblr,
com.tumblr.blaze,com.tumblr,
com.tumblr.blog,com.tumblr,
com.tumblr.clientcontrol,com.tumblr,
com.tumblr.communities,com.tumblr,
com.tumblr.communityhubs,com.tumblr,
com.tumblr.communitylabel,com.tumblr,
com.tumblr.components,com.tumblr,
com.tumblr.configurabletabs,com.tumblr,
com.tumblr.creation,com.tumblr,
com.tumblr.horsefriend,com.tumblr,
com.tumblr.kanvas,com.tumblr,
com.tumblr.labs,com.tumblr,
com.tumblr.meadow,com.tumblr,
com.tumblr.memberships,com.tumblr,
com.tumblr.messaging,com.tumblr,
com.tumblr.messenger,com.tumblr,
com.tumblr.notes,com.tumblr,
com.tumblr.onboarding,com.tumblr,
com.tumblr.posting,com.tumblr,
com.tumblr.posts,com.tumblr,
com.tumblr.premium,com.tumblr,
com.tumblr.rumblr,com.tumblr,
com.tumblr.search,com.tumblr,
com.tumblr.security,com.tumblr,
com.tumblr.service,com.tumblr,
com.tumblr.settings,com.tumblr,
com.tumblr.tabs,com.tumblr,
com.tumblr.tagmanagement,com.tumblr,
com.tumblr.tumblrmart,com.tumblr,
com.tumblr.ui,com.tumblr,
com.tumblr.video,com.tumblr,
com.turrit.TmExApp,com.turrit,
com.turrit.TmExtApp,com.turrit,
com.turrit.config,com.turrit,
com.turrit.contact,com.turrit,
com.turrit.explore,com.turrit,
com.turrit.music,com.turrit,
com.turrit.mydisk,com.turrit,
com.turrit.shield,com.turrit,
com.turrit.tlog,com.turrit,
com.turrit.view,com.turrit,
com.twilio.audioswitch,com.twilio,
com.twitter.clientlib,com.twitter,
com.twitter.sdk.android,com.twitter,
com.twitter.sdk.android.core,com.twitter,
com.twm.login,com.twm,
com.twm.pt.gamecashflow,com.twm,
com.txwy.passport,com.txwy,
com.u8.sdk,com.u8,
com.uber.autodispose,com.uber,
com.ubisoft.orion,com.ubisoft,
com.ubisoft.orion.monetisationcore,com.ubisoft,
com.uc.crashsdk,com.uc,
com.uf.common_base,com.uf,
com.uf.uf_component,com.uf,
com.uf.uf_core,com.uf,
com.uf.uf_frame,com.uf,
com.uf.uf_launch,com.uf,
com.uf.uf_login,com.uf,
com.uf.uf_main,com.uf,
com.uf.uf_moment,com.uf,
com.uf.uf_netease,com.uf,
com.uf.uf_room,com.uf,
com.uf.uf_setting,com.uf,
com.uf.uf_user,com.uf,
com.uf.uf_wallet,com.uf,
com.ui.layouts,com.ui,
com.ui.view,com.ui,
com.ultra.analytics.android.sdk,com.ultra,
com.ultra.market,com.ultra,
com.ultrasdk.cloudgame,com.ultrasdk,
com.ultrasdk.global,com.ultrasdk,
com.ultrasdk.notch,com.ultrasdk,
com.umeng.analytics,com.umeng,
com.umeng.commonsdk,com.umeng,
com.umeng.message,com.umeng,
com.umeng.socialize,com.umeng,
com.umeng.ut,com.umeng,
com.umi.module_umi,com.umi,
com.unearby.sayhi,com.unearby,
com.unicom.online.account,com.unicom,
com.unionpay.tsmservice,com.unionpay,
com.unity.purchasing,com.unity,
com.unity.udp,com.unity,
com.unity.xr,com.unity,
com.unity3d.a,com.unity3d,
com.unity3d.ads,com.unity3d,
com.unity3d.ads.android,com.unity3d,
com.unity3d.ironsourceads,com.unity3d,
com.unity3d.mediation,com.unity3d,
com.unity3d.player,com.unity3d,
com.unity3d.plugin.downloader,com.unity3d,
com.unity3d.scar.adapter,com.unity3d,
com.unity3d.scar.adapter.common,com.unity3d,
com.unity3d.services,com.unity3d,
com.unity3d.splash,com.unity3d,
com.uqm.crashkit,com.uqm,
com.uqm.crashsight,com.uqm,
com.uraroji.garage.android,com.uraroji,
com.urbanairship.modules,com.urbanairship,
com.usabilla.sdk,com.usabilla,
com.usercentrics.reactnativeusercentrics,com.usercentrics,
com.usercentrics.sdk,com.usercentrics,
com.usercentrics.tcf.core,com.usercentrics,
com.userleap.internal,com.userleap,
com.ushareit.easysdk,com.ushareit,
com.ushow.st_media_stream,com.ushow,
com.ushowmedia.starmaker,com.ushowmedia,
com.ushowmedia.stvideosdk,com.ushowmedia,
com.utage_android.agora,com.utage_android,
com.utage_android.api,com.utage_android,
com.utage_android.call,com.utage_android,
com.utage_android.database,com.utage_android,
com.utage_android.dialog,com.utage_android,
com.utage_android.gallery,com.utage_android,
com.utage_android.home,com.utage_android,
com.utage_android.live,com.utage_android,
com.utage_android.message,com.utage_android,
com.utage_android.myPage,com.utage_android,
com.utage_android.ranking,com.utage_android,
com.utage_android.register,com.utage_android,
com.utage_android.repository,com.utage_android,
com.utage_android.setting,com.utage_android,
com.utage_android.timeline,com.utage_android,
com.utage_android.util,com.utage_android,
com.uuzuche.lib_zxing,com.uuzuche,
com.v4andro.videocall.videochat.livevideocall,com.v4andro,
com.vanda.qrcode,com.vanda,
com.vanniktech.emoji,com.vanniktech,
com.vasd.pandora,com.vasd,
com.venus.framework,com.venus,
com.veriff.sdk,com.veriff,
com.verifykit.sdk,com.verifykit,
com.verve.atom.sdk,com.verve,
com.video.chat,com.video,
com.video.welive,com.video,
com.videochat.call,com.videochat,
com.videochat.chat,com.videochat,
com.videochat.coins,com.videochat,
com.videochat.compliance,com.videochat,
com.videochat.compliance.consent,com.videochat,
com.videochat.firebase.message.cloud,com.videochat,
com.videochat.flopcard,com.videochat,
com.videochat.floplivecam.ui,com.videochat,
com.videochat.frame,com.videochat,
com.videochat.item,com.videochat,
com.videochat.like,com.videochat,
com.videochat.matches,com.videochat,
com.videochat.message,com.videochat,
com.videochat.notification,com.videochat,
com.videochat.signin,com.videochat,
com.videochat.story,com.videochat,
com.videochat.video,com.videochat,
com.viva.live.up.socket,com.viva,
com.vivo.external_livephoto,com.vivo,
com.vivo.push,com.vivo,
com.vk.accountmanager,com.vk,
com.vk.ads,com.vk,
com.vk.antispam,com.vk,
com.vk.api,com.vk,
com.vk.api.sdk,com.vk,
com.vk.appredirects,com.vk,
com.vk.archive,com.vk,
com.vk.articleeditor,com.vk,
com.vk.articles,com.vk,
com.vk.asset.manager,com.vk,
com.vk.attachpicker,com.vk,
com.vk.audience,com.vk,
com.vk.audience.api,com.vk,
com.vk.audiomsg.player,com.vk,
com.vk.auth,com.vk,
com.vk.avatar,com.vk,
com.vk.badges,com.vk,
com.vk.biometric.auth,com.vk,
com.vk.biometric.auth.api,com.vk,
com.vk.biometrics.lock,com.vk,
com.vk.cachecontrol,com.vk,
com.vk.camera,com.vk,
com.vk.catalog,com.vk,
com.vk.censoredsettings,com.vk,
com.vk.channels,com.vk,
com.vk.clips,com.vk,
com.vk.comments,com.vk,
com.vk.common,com.vk,
com.vk.community,com.vk,
com.vk.companion,com.vk,
com.vk.confirmaccount,com.vk,
com.vk.content,com.vk,
com.vk.coowners,com.vk,
com.vk.core,com.vk,
com.vk.datepicker,com.vk,
com.vk.debug,com.vk,
com.vk.design,com.vk,
com.vk.di,com.vk,
com.vk.documents,com.vk,
com.vk.draftslist,com.vk,
com.vk.dto,com.vk,
com.vk.ecomm,com.vk,
com.vk.editor,com.vk,
com.vk.external.miniapp.net,com.vk,
com.vk.fave,com.vk,
com.vk.fcmerrorhandler,com.vk,
com.vk.feature.uxpolls,com.vk,
com.vk.feed,com.vk,
com.vk.folders,com.vk,
com.vk.foldertypeobserver,com.vk,
com.vk.followersmode,com.vk,
com.vk.friends,com.vk,
com.vk.fullscreenbanners,com.vk,
com.vk.gallerypicker,com.vk,
com.vk.games,com.vk,
com.vk.geo,com.vk,
com.vk.geo.api,com.vk,
com.vk.gif,com.vk,
com.vk.googleump,com.vk,
com.vk.httpexecutor,com.vk,
com.vk.id,com.vk,
com.vk.id.captcha,com.vk,
com.vk.im,com.vk,
com.vk.instantjobs,com.vk,
com.vk.internal,com.vk,
com.vk.knet,com.vk,
com.vk.libvideo,com.vk,
com.vk.mail.auth,com.vk,
com.vk.managed_groups,com.vk,
com.vk.mapper,com.vk,
com.vk.media,com.vk,
com.vk.menu,com.vk,
com.vk.method.selector,com.vk,
com.vk.metrics,com.vk,
com.vk.money,com.vk,
com.vk.movika,com.vk,
com.vk.multiaccount,com.vk,
com.vk.multiaccount.api,com.vk,
com.vk.multiplecoownership,com.vk,
com.vk.musc.kidsmode,com.vk,
com.vk.music,com.vk,
com.vk.mvi,com.vk,
com.vk.mytarget,com.vk,
com.vk.narratives,com.vk,
com.vk.navigation,com.vk,
com.vk.net,com.vk,
com.vk.newsfeed,com.vk,
com.vk.nft,com.vk,
com.vk.notifications,com.vk,
com.vk.nspk,com.vk,
com.vk.oauth,com.vk,
com.vk.odnoklassniki,com.vk,
com.vk.onboarding,com.vk,
com.vk.onepasspromo,com.vk,
com.vk.overlaymenu,com.vk,
com.vk.passkey,com.vk,
com.vk.phoneactualization,com.vk,
com.vk.photo.editor,com.vk,
com.vk.photos,com.vk,
com.vk.pin.views,com.vk,
com.vk.poll,com.vk,
com.vk.popupmanager,com.vk,
com.vk.posting,com.vk,
com.vk.prefui,com.vk,
com.vk.preview,com.vk,
com.vk.profile,com.vk,
com.vk.push,com.vk,
com.vk.qr,com.vk,
com.vk.queue,com.vk,
com.vk.reactions,com.vk,
com.vk.recomcommands,com.vk,
com.vk.reefton,com.vk,
com.vk.registration.funnels,com.vk,
com.vk.repository,com.vk,
com.vk.richcontent,com.vk,
com.vk.sdk,com.vk,
com.vk.sdk.api,com.vk,
com.vk.search,com.vk,
com.vk.security,com.vk,
com.vk.settings,com.vk,
com.vk.sharing,com.vk,
com.vk.sqliteext,com.vk,
com.vk.stat,com.vk,
com.vk.stickers,com.vk,
com.vk.stories,com.vk,
com.vk.story,com.vk,
com.vk.subscription,com.vk,
com.vk.superapp,com.vk,
com.vk.tabbar,com.vk,
com.vk.textformat,com.vk,
com.vk.toggle,com.vk,
com.vk.topics,com.vk,
com.vk.translate,com.vk,
com.vk.update,com.vk,
com.vk.upload,com.vk,
com.vk.usersstore,com.vk,
com.vk.utils,com.vk,
com.vk.uxpolls,com.vk,
com.vk.video,com.vk,
com.vk.vmoji,com.vk,
com.vk.voip,com.vk,
com.vk.webapp,com.vk,
com.vk.writebar,com.vk,
com.vkontakte.android,com.vkontakte,
com.vmaisync.sdk,com.vmaisync,
com.voicemaker.chat,com.voicemaker,
com.voicemaker.gift,com.voicemaker,
com.voicemaker.intimacy,com.voicemaker,
com.voicemaker.main,com.voicemaker,
com.voicemaker.relations,com.voicemaker,
com.voicemaker.sys.outpage,com.voicemaker,
com.volcano.vframework,com.volcano,
com.volcengine.androidcloud.common,com.volcengine,
com.volcengine.ck,com.volcengine,
com.volcengine.cloudphone,com.volcengine,
com.volcengine.common,com.volcengine,
com.volcengine.mobsecBiz.metasec,com.volcengine,
com.vonage.webrtc,com.vonage,
com.voxelbusters.android,com.voxelbusters,
com.voxelbusters.androidlib,com.voxelbusters,
com.voxelbusters.essentialkit,com.voxelbusters,
com.voxelbusters.replaykit,com.voxelbusters,
com.voximplant.sdk,com.voximplant,
com.voya.common,com.voya,
com.vpb.popo,com.vpb,
com.vshow.vshow.channellibrary,com.vshow,
com.vungle.ads,com.vungle,
com.vungle.ads.internal,com.vungle,
com.vungle.warren,com.vungle,
com.vuplex.org.apache.http,com.vuplex,
com.w3conext.jailbreak_root_detection,com.w3conext,
com.waho.beauty,com.waho,
com.waho.facedetect,com.waho,
com.waho.game,com.waho,
com.waho.live,com.waho,
com.waka.wakagame,com.waka,
com.wakie.android,com.wakie,
com.wakie.wakiex,com.wakie,
com.walid.jsbridge,com.walid,
com.walid.rxretrofit,com.walid,
com.walletconnect.android,com.walletconnect,
com.walletconnect.auth,com.walletconnect,
com.walletconnect.foundation,com.walletconnect,
com.walletconnect.sign,com.walletconnect,
com.waplog.ads,com.waplog,
com.waplog.core,com.waplog,
com.waplog.dialogs,com.waplog,
com.waplog.iab,com.waplog,
com.waplog.nd,com.waplog,
com.waplog.newdesign,com.waplog,
com.waplog.preferences,com.waplog,
com.waplog.stream,com.waplog,
com.waplog.videochat,com.waplog,
com.waplogmatch.core,com.waplogmatch,
com.waplogmatch.gift,com.waplogmatch,
com.waplogmatch.iab,com.waplogmatch,
com.waplogmatch.preferences,com.waplogmatch,
com.waplogmatch.social,com.waplogmatch,
com.waplogmatch.videochat,com.waplogmatch,
com.waplogmatch.wmatch,com.waplogmatch,
com.wappier.wappierSDK,com.wappier,
com.watermark.androidwm_light,com.watermark,
com.wdullaer.materialdatetimepicker,com.wdullaer,
com.wear.base,com.wear,
com.wear.buzzee,com.wear,
com.weareher.cancellationflow,com.weareher,
com.weareher.core_android,com.weareher,
com.weareher.core_network,com.weareher,
com.weareher.core_storage,com.weareher,
com.weareher.corecontracts,com.weareher,
com.weareher.coredata,com.weareher,
com.weareher.coreui,com.weareher,
com.weareher.discoverprofiles,com.weareher,
com.weareher.feature_alllikes,com.weareher,
com.weareher.feature_chat_inbox,com.weareher,
com.weareher.feature_events,com.weareher,
com.weareher.feature_memberhub,com.weareher,
com.weareher.feature_notification_section,com.weareher,
com.weareher.feature_profile,com.weareher,
com.weareher.her,com.weareher,
com.web3auth.session_manager_android,com.web3auth,
com.web3auth.tkey.ThresholdKey,com.web3auth,
com.whatsapp.accountlinking,com.whatsapp,
com.whatsapp.otp.android.sdk,com.whatsapp,
com.whl.quickjs,com.whl,
com.whyrtc.liteav,com.whyrtc,
com.whyrtc.rtmp,com.whyrtc,
com.whyrtc.trtc,com.whyrtc,
com.widget.any,com.widget,
com.widget.nice,com.widget,
com.widget.ui,com.widget,
com.widget.viewpager,com.widget,
com.widgetable.theme,com.widgetable,
com.wigo.appbase,com.wigo,
com.wigo.chatbase,com.wigo,
com.wigo.commonbase,com.wigo,
com.wigo.networkbase,com.wigo,
com.wigo.servicebase,com.wigo,
com.wigo.videochat,com.wigo,
com.wigo.wigolive,com.wigo,
com.wildlifestudios.platform,com.wildlifestudios,
com.winc.common.youtubedl_common,com.winc,
com.winc.statusdownloader,com.winc,
com.wix.reactnativenotifications,com.wix,
com.wuzhu.rx.downloader,com.wuzhu,
com.wxy.appstartfaster,com.wxy,
com.x3mads.android.xmediator,com.x3mads,
com.x3mads.android.xmediator.core,com.x3mads,
com.xengine.magiceffect,com.xengine,
com.xflag.account.shared,com.xflag,
com.xflag.skewer,com.xflag,
com.xgsdk.client,com.xgsdk,
com.xgsdk.pay.google,com.xgsdk,
com.xgsdk.pkgtool,com.xgsdk,
com.xhs.bitmap_utils,com.xhs,
com.xhs.kasa,com.xhs,
com.xiaohongshu.web.sdk,com.xiaohongshu,
com.xiaojinzi.component,com.xiaojinzi,
com.xiaomi.account,com.xiaomi,
com.xiaomi.bbs.recruit,com.xiaomi,
com.xiaomi.channel.commonutils,com.xiaomi,
com.xiaomi.clientreport,com.xiaomi,
com.xiaomi.elementcell,com.xiaomi,
com.xiaomi.exposure,com.xiaomi,
com.xiaomi.gamecenter.sdk,com.xiaomi,
com.xiaomi.infra.galaxy.fds,com.xiaomi,
com.xiaomi.metoknlp,com.xiaomi,
com.xiaomi.passport,com.xiaomi,
com.xiaomi.phonenum,com.xiaomi,
com.xiaomi.push,com.xiaomi,
com.xiaomi.push.service,com.xiaomi,
com.xiaomi.smack,com.xiaomi,
com.xiaomi.widget,com.xiaomi,
com.xingin.a,com.xingin,
com.xingin.base.terpsi,com.xingin,
com.xingin.blade,com.xingin,
com.xingin.boot,com.xingin,
com.xingin.business_framework,com.xingin,
com.xingin.bzutils,com.xingin,
com.xingin.capa,com.xingin,
com.xingin.chatbase,com.xingin,
com.xingin.collection,com.xingin,
com.xingin.comment,com.xingin,
com.xingin.commercial,com.xingin,
com.xingin.common_editor,com.xingin,
com.xingin.common_model,com.xingin,
com.xingin.component,com.xingin,
com.xingin.cpts,com.xingin,
com.xingin.cupid,com.xingin,
com.xingin.davinci,com.xingin,
com.xingin.deprecatedconfig,com.xingin,
com.xingin.detailfeed,com.xingin,
com.xingin.devicekit,com.xingin,
com.xingin.devkit,com.xingin,
com.xingin.diandian,com.xingin,
com.xingin.dlna.screen,com.xingin,
com.xingin.document,com.xingin,
com.xingin.engine,com.xingin,
com.xingin.entities,com.xingin,
com.xingin.external.hot_rank,com.xingin,
com.xingin.face.recognition,com.xingin,
com.xingin.facebook_proxy,com.xingin,
com.xingin.follow,com.xingin,
com.xingin.foundation,com.xingin,
com.xingin.general_biz_ui,com.xingin,
com.xingin.google_proxy,com.xingin,
com.xingin.graphic,com.xingin,
com.xingin.growth,com.xingin,
com.xingin.hera,com.xingin,
com.xingin.hey,com.xingin,
com.xingin.homeguide,com.xingin,
com.xingin.hula,com.xingin,
com.xingin.hybrid,com.xingin,
com.xingin.im,com.xingin,
com.xingin.kidsmode,com.xingin,
com.xingin.knowall,com.xingin,
com.xingin.landscapefeed,com.xingin,
com.xingin.lbs,com.xingin,
com.xingin.library.videoedit,com.xingin,
com.xingin.live,com.xingin,
com.xingin.local.relation,com.xingin,
com.xingin.login,com.xingin,
com.xingin.longlink,com.xingin,
com.xingin.longpress.dialog.item,com.xingin,
com.xingin.lurker.appscore,com.xingin,
com.xingin.matrix,com.xingin,
com.xingin.media,com.xingin,
com.xingin.modelprofile,com.xingin,
com.xingin.models,com.xingin,
com.xingin.multi,com.xingin,
com.xingin.nativedump,com.xingin,
com.xingin.net,com.xingin,
com.xingin.notebase,com.xingin,
com.xingin.open_social,com.xingin,
com.xingin.outside,com.xingin,
com.xingin.poi,com.xingin,
com.xingin.prefetch,com.xingin,
com.xingin.privacy,com.xingin,
com.xingin.proaccount,com.xingin,
com.xingin.process,com.xingin,
com.xingin.question2.note_question,com.xingin,
com.xingin.questionnaire,com.xingin,
com.xingin.reactnative,com.xingin,
com.xingin.recover,com.xingin,
com.xingin.redalbum,com.xingin,
com.xingin.redcircle,com.xingin,
com.xingin.redjson,com.xingin,
com.xingin.redmap,com.xingin,
com.xingin.redplayer,com.xingin,
com.xingin.redreactnative,com.xingin,
com.xingin.redscanner,com.xingin,
com.xingin.redtv,com.xingin,
com.xingin.redview,com.xingin,
com.xingin.register,com.xingin,
com.xingin.resource_library,com.xingin,
com.xingin.robust,com.xingin,
com.xingin.router,com.xingin,
com.xingin.scalpel,com.xingin,
com.xingin.screencast,com.xingin,
com.xingin.search_agent_base,com.xingin,
com.xingin.search_agent_page,com.xingin,
com.xingin.securityaccount,com.xingin,
com.xingin.sharesdk,com.xingin,
com.xingin.shield,com.xingin,
com.xingin.skynet,com.xingin,
com.xingin.smarttracking,com.xingin,
com.xingin.spi,com.xingin,
com.xingin.strategy,com.xingin,
com.xingin.tags.library,com.xingin,
com.xingin.thread_lib,com.xingin,
com.xingin.tiny,com.xingin,
com.xingin.tracker,com.xingin,
com.xingin.trade_bcim,com.xingin,
com.xingin.ui,com.xingin,
com.xingin.update,com.xingin,
com.xingin.uploader,com.xingin,
com.xingin.utils,com.xingin,
com.xingin.v8runtime,com.xingin,
com.xingin.vc,com.xingin,
com.xingin.video,com.xingin,
com.xingin.vision,com.xingin,
com.xingin.voice.input,com.xingin,
com.xingin.volley,com.xingin,
com.xingin.webviewresourcecache,com.xingin,
com.xingin.widgets,com.xingin,
com.xingin.xhs,com.xingin,
com.xingin.xy_crop,com.xingin,
com.xingin.xybridge,com.xingin,
com.xingin.xymap,com.xingin,
com.xingin.xyspark,com.xingin,
com.xingin.xywebview,com.xingin,
com.xingyin.disk_manager,com.xingyin,
com.xingyin.pad.videofeed,com.xingyin,
com.xingzuoba.com.base.api,com.xingzuoba,
com.xingzuoba.com.common,com.xingzuoba,
com.xingzuoba.com.network.retrofit,com.xingzuoba,
com.xingzuoba.com.tools,com.xingzuoba,
com.xingzuoba.com.ui,com.xingzuoba,
com.xingzuoba.com.widget,com.xingzuoba,
com.xinyin.xycanvas.jslibrary,com.xinyin,
com.xl.basic.coreutils,com.xl,
com.xmhaibao.beauty,com.xmhaibao,
com.xmhaibao.bytedance,com.xmhaibao,
com.xodee.client,com.xodee,
com.xsj.crasheye,com.xsj,
com.xsolla.android,com.xsolla,
com.xsolla.android.payments,com.xsolla,
com.xsolla.lib_login,com.xsolla,
com.xy.recyclerlist,com.xy,
com.xyao.core,com.xyao,
com.yalantis.ucrop,com.yalantis,
com.yandex.android,com.yandex,
com.yandex.authsdk,com.yandex,
com.yandex.div,com.yandex,
com.yandex.mapkit,com.yandex,
com.yandex.metrica,com.yandex,
com.yandex.mobile.ads,com.yandex,
com.yandex.pay,com.yandex,
com.yandex.runtime,com.yandex,
com.yandex.varioqub,com.yandex,
com.yandex.yatagan,com.yandex,
com.yanzhenjie.permission,com.yanzhenjie,
com.yanzhenjie.recyclerview,com.yanzhenjie,
com.yanzhenjie.recyclerview.swipe,com.yanzhenjie,
com.yarolegovich.discretescrollview,com.yarolegovich,
com.yarolegovich.slidingrootnav,com.yarolegovich,
com.yazhai.fuxin,com.yazhai,
com.ybear.ybcomponent,com.ybear,
com.ybear.ybutils.utils,com.ybear,
com.ycjiang.previewlibrary,com.ycjiang,
com.ycjiang.uk.co.senab2.photoview2,com.ycjiang,
com.ycloud.api,com.ycloud,
com.ycloud.gpuimagefilter,com.ycloud,
com.ycloud.mediacodec,com.ycloud,
com.ycloud.mediarecord,com.ycloud,
com.ycloud.player,com.ycloud,
com.ycloud.toolbox,com.ycloud,
com.yibasan.lizhi,com.yibasan,
com.ykit.im.kit,com.ykit,
com.ym521.skeleton,com.ym521,
com.ymo.videoedit,com.ymo,
com.yodo1.mas,com.yodo1,
com.yoho.corelib,com.yoho,
com.yostar.airisdk,com.yostar,
com.yostar.sdk,com.yostar,
com.yoti.mobile,com.yoti,
com.yoti.mobile.android,com.yoti,
com.youth.banner,com.youth,
com.youyue.chatbar,com.youyue,
com.ypx.imagepicker,com.ypx,
com.ys4fun.downloader,com.ys4fun,
com.ysocorp.ysonetwork,com.ysocorp,
com.yuhuankj.tmxq,com.yuhuankj,
com.yun.imlib,com.yun,
com.yunchang.plugin.dispath,com.yunchang,
com.yunxiao.avfoundation,com.yunxiao,
com.yunxiao.tavcut.core,com.yunxiao,
com.yunxiao.tavkit,com.yunxiao,
com.yunxiao.tavmagic,com.yunxiao,
com.yunxiao.xmagic,com.yunxiao,
com.yuyakaido.android,com.yuyakaido,
com.yuyh.jsonviewer.library,com.yuyh,
com.yxcorp.gifshow,com.yxcorp,
com.yxcorp.kuaishou.addfp,com.yxcorp,
com.yxcorp.utility,com.yxcorp,
com.yy.abtest,com.yy,
com.yy.android.medialibrary,com.yy,
com.yy.appbase,com.yy,
com.yy.base,com.yy,
com.yy.dressup,com.yy,
com.yy.framework.core,com.yy,
com.yy.game,com.yy,
com.yy.glide,com.yy,
com.yy.gslbsdk,com.yy,
com.yy.hago,com.yy,
com.yy.hiidostatis,com.yy,
com.yy.hiyo,com.yy,
com.yy.iheima,com.yy,
com.yy.im,com.yy,
com.yy.mediaframework,com.yy,
com.yy.mobile,com.yy,
com.yy.mobile.rollingtextview,com.yy,
com.yy.platform,com.yy,
com.yy.pushsvc,com.yy,
com.yy.report,com.yy,
com.yy.sdk,com.yy,
com.yy.sdk.crashreport,com.yy,
com.yy.socialplatform,com.yy,
com.yy.spidercrab,com.yy,
com.yy.tjgsdk,com.yy,
com.yy.transvod,com.yy,
com.yy.videoplayer,com.yy,
com.yy.voice,com.yy,
com.yy.webgame,com.yy,
com.yy.webservice,com.yy,
com.yy.yyeva,com.yy,
com.yy.yylite,com.yy,
com.yysdk.mobile,com.yysdk,
com.zackratos.ultimatebarx,com.zackratos,
com.zad.core,com.zad,
com.zego.zegoavkit2,com.zego,
com.zego.zegoliveroom,com.zego,
com.zegocity.bagan,com.zegocity,
com.zegocloud.uikit,com.zegocloud,
com.zendesk.sdk,com.zendesk,
com.zerophil.worldtalk,com.zerophil,
com.zeus.gmc.sdk.mobileads,com.zeus,
com.zhaonan.net,com.zhaonan,
com.zhaonan.rcanalyze,com.zhaonan,
com.zhihu.matisse,com.zhihu,
com.zhiliaoapp.musically,com.zhiliaoapp,
com.zhouwei.mzbanner,com.zhouwei,
com.zhpan.bannerview,com.zhpan,
com.zhpan.indicator,com.zhpan,
com.zhy.http.okhttp,com.zhy,
com.zing.zalo,com.zing,
com.zips.zip4j,com.zips,
com.zlongame.pd,com.zlongame,
com.zlongame.sdk,com.zlongame,
com.zlongame.utils,com.zlongame,
com.zmaticoo.sdk,com.zmaticoo,
com.zoho.livechat.android,com.zoho,
com.zoloz.android.phone.zdoc,com.zoloz,
com.zoloz.builder,com.zoloz,
com.zoloz.mobile,com.zoloz,
com.zoloz.nfc,com.zoloz,
com.zoloz.rpc,com.zoloz,
com.zoloz.stack.lite.aplog.core,com.zoloz,
com.zoloz.webcontainer,com.zoloz,
com.zoloz.zhub,com.zoloz,
com.zoyi.channel,com.zoyi,
com.zoyi.com.annimon.stream,com.zoyi,
com.zoyi.com.google,com.zoyi,
com.zoyi.okhttp3,com.zoyi,
com.zoyi.org.antlr.v4.runtime,com.zoyi,
com.zoyi.retrofit2,com.zoyi,
com.zoyi.rx,com.zoyi,
com.ztgame.hpsdk,com.ztgame,
com.ztgame.mobileappsdk,com.ztgame,
com.zuiyou.media,com.zuiyou,
com.zuko.billingz,com.zuko,
com.zx.module,com.zx,
com.zx.sdk,com.zx,
com.zxy.tiny,com.zxy,
com.zz.lib.org.myapache.commons.codec,com.zz,
com.zzhoujay.markdown,com.zzhoujay,
common.faceu.data,common.faceu,
common.modules.banner,common.modules,
common.modules.banner2,common.modules,
commonMain.default.linkdata,commonMain.default,
concurrentMain.default.linkdata,concurrentMain.default,
cool.monkey.android,cool.monkey,
cz.msebera.android.httpclient,cz.msebera,
d.b.a,d.b,FALSE
d.c.a,d.c,FALSE
dagger.hilt.android,dagger.hilt,
dagger.hilt.android.internal,dagger.hilt,
dagger.hilt.internal,dagger.hilt,
dagger.hilt.processor.internal,dagger.hilt,
dagger.internal.codegen,dagger.internal,
dagger.spi.internal,dagger.spi,
dc.squareup.okhttp3.internal,dc.squareup,
de.blinkt.openvpn,de.blinkt,
de.greenrobot.dao,de.greenrobot,
de.measite.minidns,de.measite,
de.psdev.licensesdialog,de.psdev,
dev.androidbroadcast.vbpd,dev.androidbroadcast,
dev.fluttercommunity.plus,dev.fluttercommunity,
dev.hyo.openiap,dev.hyo,
dev.icerock.moko,dev.icerock,
dev.niekirk.com.instagram4android,dev.niekirk,
dev.shreyaspatil.MaterialDialog,dev.shreyaspatil,
dev.steenbakker.mobile_scanner,dev.steenbakker,
dev.zacsweers.moshix.sealed,dev.zacsweers,
devlight.io.library,devlight.io,
distribution.motor.mismatch,distribution.motor,
distribution.motor.pendantconfigsvr.nest,distribution.motor,
distribution.motor.slot.accounta,distribution.motor,
distribution.motor.validate,distribution.motor,
distribution.vanity.omit,distribution.vanity,
droom.daro.a,droom.daro,
droom.daro.core,droom.daro,
droom.daro.mediation.a,droom.daro,
e.a.a.c,e.a,FALSE
e.a.b,e.a,FALSE
e.b.a,e.b,FALSE
e.d.a,e.d,FALSE
e.e.a,e.e,FALSE
eu.alebianco.air.extensions,eu.alebianco,
eu.davidea.flexibleadapter,eu.davidea,
expo.interfaces.devmenu,expo.interfaces,
expo.modules.adapters.react,expo.modules,
expo.modules.av,expo.modules,
expo.modules.blueskyswissarmy,expo.modules,
expo.modules.camera,expo.modules,
expo.modules.core,expo.modules,
expo.modules.devlauncher,expo.modules,
expo.modules.devmenu,expo.modules,
expo.modules.filesystem,expo.modules,
expo.modules.gl,expo.modules,
expo.modules.image,expo.modules,
expo.modules.imagemanipulator,expo.modules,
expo.modules.imagepicker,expo.modules,
expo.modules.interfaces,expo.modules,
expo.modules.kotlin,expo.modules,
expo.modules.location,expo.modules,
expo.modules.medialibrary,expo.modules,
expo.modules.notifications,expo.modules,
expo.modules.splashscreen,expo.modules,
expo.modules.taskManager,expo.modules,
expo.modules.updates,expo.modules,
expo.modules.video,expo.modules,
extern.okhttp3.internal,extern.okhttp3,
fairy.easy.httpmodel,fairy.easy,
fb.androidx.media3,fb.androidx,
fi.foyt.foursquare,fi.foyt,
fi.twomenandadog.zombiecatchers,fi.twomenandadog,
flexion.com.flexionmobile,flexion.com,
fr.bipi.tressence,fr.bipi,
games.moisoni.google_iab,games.moisoni,
games.my.mrgs,games.my,
gen._content._public._android,gen._content,
gg.oneupgames.ggclient,gg.oneupgames,
github.leavesczy.matisse,github.leavesczy,
github.leavesczy.matisse.internal,github.leavesczy,
github.leavesczy.monitor,github.leavesczy,
go.dev.newui,go.dev,
google.cloud.speech,google.cloud,
google.cloud.translate,google.cloud,
google.internal.firebase.inappmessaging,google.internal,
gsdk.impl.crash,gsdk.impl,
gsdk.impl.gamevideoplayer,gsdk.impl,
h.a.a.b.a.p,h.a,FALSE
hani.momanii.supernova_emoji_library,hani.momanii,
hashFunctions.default.linkdata,hashFunctions.default,
hb.common.widget,hb.common,
hb.common.xstatic,hb.common,
hb.download.proxy,hb.download,
hb.drawable.shape,hb.drawable,
hb.ksp.router.service,hb.ksp,
hb.lib.core.chatroom,hb.lib,
hb.lib.resource.chatroom,hb.lib,
hb.library.sud.game,hb.library,
hb.message.db,hb.message,
hb.message.expand,hb.message,
hb.music.library,hb.music,
hb.qim.base,hb.qim,
hb.request.core,hb.request,
hb.upload.file,hb.upload,
hb.ximage.fresco,hb.ximage,
hb.xstatic.core,hb.xstatic,
helpshift.helpshift_classes.com.helpshift.campaigns,helpshift.helpshift_classes,
helpshift.helpshift_classes.com.helpshift.network,helpshift.helpshift_classes,
helpshift.helpshift_classes.com.helpshift.util,helpshift.helpshift_classes,
hu.akarnokd.rxjava2,hu.akarnokd,
im.ene.toro,im.ene,
im.zego.connection,im.zego,
im.zego.effects,im.zego,
im.zego.minigameengine,im.zego,
im.zego.realtimetranslation,im.zego,
im.zego.zegoexpress,im.zego,
im.zego.zim,im.zego,
im.zego.zpns,im.zego,
im.zego.zse,im.zego,
immomo.com.mklibrary,immomo.com,
in.1.mohalla,in.1,FALSE
in.1.mohalla.sharechat,in.1,FALSE
in.juspay.hyper,in.juspay,
in.lazymanstudios.uri_to_file,in.lazymanstudios,
in.mohalla.ads,in.mohalla,
in.mohalla.androidcommon,in.mohalla,
in.mohalla.camera.snap,in.mohalla,
in.mohalla.ecommerce.model,in.mohalla,
in.mohalla.livestream.data,in.mohalla,
in.mohalla.notification.builder,in.mohalla,
in.mohalla.sharechat,in.mohalla,
in.mohalla.sharechat.appx,in.mohalla,
in.mohalla.video,in.mohalla,
in.srain.cube.views.ptr,in.srain,
info.mqtt.android.service,info.mqtt,
info.wizzapp.commons.navigation,info.wizzapp,
info.wizzapp.data.network,info.wizzapp,
info.wizzapp.domain.model,info.wizzapp,
info.wizzapp.feature,info.wizzapp,
info.wizzapp.functional,info.wizzapp,
info.xudshen.android.appasm,info.xudshen,
instagram.features.clips,instagram.features,
instagram.features.creation,instagram.features,
instagram.features.direct,instagram.features,
instagram.features.feed,instagram.features,
instagram.features.stories,instagram.features,
instasaver.instagram.video.downloader,instasaver.instagram,
internal.com.twitter.sdk.android.core,internal.com,
international.ui.share_custom,international.ui,
io.1.adn.sdk,io.1,FALSE
io.1.agora,io.1,FALSE
io.1.ktor,io.1,FALSE
io.1.reactivex.internal,io.1,FALSE
io.1.socket,io.1,FALSE
io.ably.lib,io.ably,
io.adjoe.sdk,io.adjoe,
io.adjoe.wave,io.adjoe,
io.adn.extrafeature,io.adn,
io.adn.sdk,io.adn,
io.adn.unityplugin,io.adn,
io.agora.base.internal,io.agora,
io.agora.beautyapi.sensetime.utils,io.agora,
io.agora.capture,io.agora,
io.agora.chat,io.agora,
io.agora.chat.callkit,io.agora,
io.agora.gamesdk,io.agora,
io.agora.mediaplayer,io.agora,
io.agora.push,io.agora,
io.agora.rtc,io.agora,
io.agora.rtc2,io.agora,
io.agora.rte,io.agora,
io.agora.rtm,io.agora,
io.aircore.ui,io.aircore,
io.appmetrica.analytics,io.appmetrica,
io.bidmachine.ads.networks,io.bidmachine,
io.bidmachine.analytics,io.bidmachine,
io.bidmachine.analytics.internal,io.bidmachine,
io.bidmachine.iab,io.bidmachine,
io.bidmachine.internal,io.bidmachine,
io.bidmachine.media3,io.bidmachine,
io.bidmachine.nativead,io.bidmachine,
io.bidmachine.protobuf,io.bidmachine,
io.bidmachine.rendering,io.bidmachine,
io.bidmachine.util,io.bidmachine,
io.bidmachine.utils,io.bidmachine,
io.bitdrift.capture,io.bitdrift,
io.branch.referral,io.branch,
io.capawesome.capacitorjs.plugins,io.capawesome,
io.card.payment,io.card,
io.channel.com,io.channel,
io.channel.io.socket,io.channel,
io.channel.libs,io.channel,
io.channel.okhttp3,io.channel,
io.channel.org.threeten.bp,io.channel,
io.channel.plugin.android,io.channel,
io.channel.retrofit2,io.channel,
io.cloudx.adapter,io.cloudx,
io.cloudx.sdk.internal,io.cloudx,
io.common.widget,io.common,
io.customer.base,io.customer,
io.customer.datapipelines,io.customer,
io.customer.messaginginapp,io.customer,
io.customer.messagingpush,io.customer,
io.customer.sdk,io.customer,
io.customer.tracking.migration,io.customer,
io.dcloud.ads.core,io.dcloud,
io.dcloud.api.custom,io.dcloud,
io.dcloud.common,io.dcloud,
io.dcloud.e,io.dcloud,
io.dcloud.feature,io.dcloud,
io.dcloud.js,io.dcloud,
io.dcloud.nineoldandroids,io.dcloud,
io.dcloud.openapi,io.dcloud,
io.didomi.iabtcf,io.didomi,
io.didomi.sdk,io.didomi,
io.embrace.android.embracesdk,io.embrace,
io.fabric.sdk.android.services,io.fabric,
io.flutter.embedding,io.flutter,
io.flutter.embedding.engine,io.flutter,
io.flutter.plugin,io.flutter,
io.friendly.activity,io.friendly,
io.friendly.adapter,io.friendly,
io.friendly.finestwebview,io.friendly,
io.friendly.fragment,io.friendly,
io.friendly.model,io.friendly,
io.friendly.service,io.friendly,
io.friendly.ui,io.friendly,
io.friendly.webview,io.friendly,
io.getstream.android.push,io.getstream,
io.getstream.chat.android,io.getstream,
io.getstream.log,io.getstream,
io.getstream.result,io.getstream,
io.github.alexzhirkevich.compottie.internal,io.github,
io.github.andreypfau,io.github,
io.github.centrifugal.centrifuge.internal,io.github,
io.github.inflationx,io.github,
io.github.luizgrp.sectionedrecyclerviewadapter,io.github,
io.github.rockerhieu.emojicon,io.github,
io.github.sceneview,io.github,
io.github.thibaultbee.streampack,io.github,
io.grpc.netty,io.grpc,
io.grpc.okhttp.internal,io.grpc,
io.grpc.protobuf,io.grpc,
io.grpc.reflection,io.grpc,
io.grpc.xds,io.grpc,
io.hackle.android,io.hackle,
io.hackle.sdk,io.hackle,
io.intercom.android,io.intercom,
io.invertase.firebase,io.invertase,
io.invertase.googlemobileads,io.invertase,
io.ionic.libs,io.ionic,
io.ionic.libs.ionfilesystemlib,io.ionic,
io.jagat.camera,io.jagat,
io.jagat.kbswitch,io.jagat,
io.jagat.lite,io.jagat,
io.jagat.modules.vip,io.jagat,
io.jagat.scratch,io.jagat,
io.jsonwebtoken.impl,io.jsonwebtoken,
io.justtrack.android,io.justtrack,
io.justtrack.bytebuddy,io.justtrack,
io.justtrack.installreferrer,io.justtrack,
io.justtrack.okhttp.internal,io.justtrack,
io.ktor.client,io.ktor,
io.ktor.client.engine,io.ktor,
io.ktor.http,io.ktor,
io.ktor.network,io.ktor,
io.ktor.server,io.ktor,
io.ktor.util,io.ktor,
io.ktor.websocket,io.ktor,
io.legere.pdfiumandroid,io.legere,
io.library.video,io.library,
io.livekit.android,io.livekit,
io.message.chat,io.message,
io.michaelrocks.libphonenumber.android,io.michaelrocks,
io.mychips.offerwall,io.mychips,
io.netty.channel,io.netty,
io.netty.handler,io.netty,
io.netty.util,io.netty,
io.noties.markwon,io.noties,
io.objectbox.sync,io.objectbox,
io.odeeo.internal,io.odeeo,
io.odeeo.sdk,io.odeeo,
io.opencensus.metrics,io.opencensus,
io.opencensus.proto,io.opencensus,
io.opencensus.tags,io.opencensus,
io.opencensus.trace,io.opencensus,
io.openim.android.sdk,io.openim,
io.openim.flutter_openim_sdk,io.openim,
io.opentelemetry.api,io.opentelemetry,
io.opentelemetry.context,io.opentelemetry,
io.opentelemetry.contrib,io.opentelemetry,
io.opentelemetry.diskbuffering.proto,io.opentelemetry,
io.opentelemetry.exporter,io.opentelemetry,
io.opentelemetry.extension.incubator,io.opentelemetry,
io.opentelemetry.instrumentation,io.opentelemetry,
io.opentelemetry.internal.shaded.jctools,io.opentelemetry,
io.opentelemetry.proto,io.opentelemetry,
io.opentelemetry.sdk,io.opentelemetry,
io.opentelemetry.semconv,io.opentelemetry,
io.playgap.sdk,io.playgap,
io.presage.common,io.presage,
io.presage.interstitial,io.presage,
io.purchasely.storage,io.purchasely,
io.purchasely.views,io.purchasely,
io.reactivex.android,io.reactivex,
io.reactivex.internal,io.reactivex,
io.reactivex.rxjava3,io.reactivex,
io.reactivex.rxjava3.internal,io.reactivex,
io.reactivexport.internal,io.reactivexport,
io.realm.internal,io.realm,
io.repro.android,io.repro,
io.requery.android,io.requery,
io.requery.query,io.requery,
io.requery.sql,io.requery,
io.rong.common,io.rong,
io.rong.imkit,io.rong,
io.rong.imlib,io.rong,
io.rong.message,io.rong,
io.rong.push,io.rong,
io.rong.sight,io.rong,
io.sentry.android,io.sentry,
io.sentry.android.core,io.sentry,
io.sentry.compose,io.sentry,
io.sentry.internal,io.sentry,
io.sentry.plus,io.sentry,
io.sentry.react,io.sentry,
io.sentry.util,io.sentry,
io.sentry.vendor.gson,io.sentry,
io.sfbx.appconsent,io.sfbx,
io.shipbook.shipbooksdk,io.shipbook,
io.socket.engineio,io.socket,
io.talkplus.entity,io.talkplus,
io.talkplus.internal,io.talkplus,
io.togoto.imagezoomcrop.imagecrop,io.togoto,
io.utown.core,io.utown,
io.utown.data,io.utown,
io.utown.ui,io.utown,
io.utown.utils,io.utown,
io.utown.utwidget,io.utown,
io.utown.view,io.utown,
io.voodoo.adn.sdk,io.voodoo,
io.voodoo.apps.ads,io.voodoo,
io.voodoo.nativeads,io.voodoo,
io.voodoo.tools,io.voodoo,
io.walkietalkie.home,io.walkietalkie,
io.walkietalkie.onboarding,io.walkietalkie,
io.walkietalkie.utils,io.walkietalkie,
io.wondrous.sns,io.wondrous,
it.mainella.phone_state,it.mainella,
it.sephiroth.android.library,it.sephiroth,
it.unimi.dsi.fastutil,it.unimi,
j$.nio.file,j$.nio,
jakarta.xml.bind,jakarta.xml,
javax.support.v8,javax.support,
javax.ws.rs,javax.ws,
javax.xml.bind,javax.xml,
javax.xml.stream,javax.xml,
jbMain.default.linkdata,jbMain.default,
jp.aktsk.cocos2dx,jp.aktsk,
jp.co.applibros.alligatorxx.modules,jp.co,FALSE
jp.co.cyberagent.android.gpuimage,jp.co,FALSE
jp.co.dimps,jp.co,FALSE
jp.co.mixi.monsterstrike,jp.co,FALSE
jp.cocone.cap.internal,jp.cocone,
jp.maio.sdk.android.v2,jp.maio,
jp.noahapps.sdk.a,jp.noahapps,
jp.supership.sscore.vamp,jp.supership,
jp.supership.vamp,jp.supership,
jp.tjkapp.adfurikun,jp.tjkapp,
jp.tjkapp.adfurikunsdk.moviereward,jp.tjkapp,
jp.wasabeef.glide.transformations,jp.wasabeef,
jp.wasabeef.recyclerview,jp.wasabeef,
jsAndWasmSharedMain.default.linkdata,jsAndWasmSharedMain.default,
jsNativeMain.default.linkdata,jsNativeMain.default,
jsWasmMain.default.linkdata,jsWasmMain.default,
kotlin.coroutines.experimental,kotlin.coroutines,
kotlin.jvm.internal,kotlin.jvm,
kotlin.metadata.internal,kotlin.metadata,
kotlin.reflect.jvm,kotlin.reflect,
kotlin.reflect.jvm.internal,kotlin.reflect,
kotlin.reflect.jvm.internal.impl,kotlin.reflect,
kotlin.script.experimental,kotlin.script,
kotlin.x0.y.e,kotlin.x0,
kotlinx.android.synthetic.main,kotlinx.android,
kotlinx.collections.immutable,kotlinx.collections,
kotlinx.collections.immutable.implementations,kotlinx.collections,
kotlinx.coroutines.experimental,kotlinx.coroutines,
kotlinx.coroutines.flow,kotlinx.coroutines,
kotlinx.coroutines.sync,kotlinx.coroutines,
kotlinx.datetime.internal.format,kotlinx.datetime,
kotlinx.serialization.json,kotlinx.serialization,
kotlinx.serialization.protobuf,kotlinx.serialization,
kr.co.april7.buddy,kr.co,FALSE
kr.co.covi.coviad,kr.co,FALSE
kr.pointpub.sdk,kr.pointpub,
kz.btsdigital.aitupay,kz.btsdigital,
kz.garage.image,kz.garage,
kz.gov.pki,kz.gov,
kz.iola.asn1,kz.iola,
kz.iola.crypto,kz.iola,
kz.iola.jce,kz.iola,
kz.iola.util,kz.iola,
kz.iola.x509,kz.iola,
kz.mobile.mgov,kz.mobile,
kz.qbox.widget.webview.core,kz.qbox,
land.lifeoasis.maum.modules,land.lifeoasis,
lib.ahleen.download,lib.ahleen,
lib.ahleen.ui,lib.ahleen,
lib.ahleen.view,lib.ahleen,
lib.basic.model,lib.basic,
libraries.foa.products.accountswitcher,libraries.foa,
libx.android.appupdate,libx.android,
libx.android.billing,libx.android,
libx.android.common,libx.android,
libx.android.design,libx.android,
libx.android.http,libx.android,
libx.android.image,libx.android,
libx.android.image.fresco,libx.android,
libx.android.kvdb,libx.android,
libx.android.media,libx.android,
libx.android.okhttp,libx.android,
libx.android.qrcode,libx.android,
libx.android.queue,libx.android,
libx.android.router,libx.android,
libx.android.svgaplayer,libx.android,
libx.android.video.compressor,libx.android,
libx.android.videoplayer,libx.android,
libx.android.webivew,libx.android,
libx.apm.device.level,libx.apm,
libx.apm.insight,libx.apm,
libx.apm.netdiagnosis,libx.apm,
libx.apm.stat,libx.apm,
libx.arch.mvi,libx.arch,
libx.auth.base,libx.auth,
libx.auth.tiktok,libx.auth,
libx.auth.twitter,libx.auth,
libx.file.browser,libx.file,
libx.live.service,libx.live,
libx.live.zego,libx.live,
libx.locate.base,libx.locate,
libx.permissionx.guolindev,libx.permissionx,
libx.stat.android,libx.stat,
libx.stat.blued.print,libx.stat,
libx.uikit.calendar,libx.uikit,
libx.uikit.refreshlayout,libx.uikit,
linuxMain.default.linkdata,linuxMain.default,
live.hms.video,live.hms,
livekit.org.webrtc,livekit.org,
lover.heart.date.sweet.sweetdate,lover.heart,
ludo.baseapp.base,ludo.baseapp,
ludo.baseapp.com.biz,ludo.baseapp,
ludo.basement.base,ludo.basement,
ludo.basement.com,ludo.basement,
lv.chi.chilitextanimation,lv.chi,
lwlive.io.agora,lwlive.io,
ly.count.android,ly.count,
ly.img.android,ly.img,
ly.img.flutter,ly.img,
ly.omegle.android,ly.omegle,
m.x.common,m.x,FALSE
master.flame.danmaku,master.flame,
maticoo.okhttp3.internal,maticoo.okhttp3,
me.1.jessyan.autosize,me.1,FALSE
me.1.liolin.app_badge_plus,me.1,FALSE
me.bukovitz.noteit,me.bukovitz,
me.carda.awesome_notifications,me.carda,
me.dingtone.app,me.dingtone,
me.dingtone.baseadlibrary,me.dingtone,
me.dkzwm.widget.srl.extra,me.dkzwm,
me.dm7.barcodescanner,me.dm7,
me.dt.fasthybrid,me.dt,FALSE
me.dt.gpsub,me.dt,FALSE
me.dt.imageloader,me.dt,FALSE
me.dt.libbase,me.dt,FALSE
me.dt.libok,me.dt,FALSE
me.dt.util,me.dt,FALSE
me.grishka.appkit,me.grishka,
me.hgj.jetpackmvvm,me.hgj,
me.iwf.photopicker,me.iwf,
me.jessyan.autosize,me.jessyan,
me.jessyan.retrofiturlmanager,me.jessyan,
me.leolin.shortcutbadger,me.leolin,
me.liolin.app_badge_plus,me.liolin,
me.nereo.multi_image_selector,me.nereo,
me.saket.telephoto,me.saket,
me.shouheng.compress,me.shouheng,
me.tatarka.bindingcollectionadapter,me.tatarka,
me.tatarka.bindingcollectionadapter2,me.tatarka,
me.tz.gpbilling,me.tz,FALSE
me.tzim.app.im,me.tzim,
me.tzim.im,me.tzim,
me.vkryl.android,me.vkryl,
me.vkryl.core,me.vkryl,
me.yokeyword.fragmentation,me.yokeyword,
media.ritm.renderer,media.ritm,
media.ritm.videoeditor,media.ritm,
mewe.emoji.ui,mewe.emoji,
mindustry.world.blocks,mindustry.world,
mini.video.chat,mini.video,
module.local.repositories,module.local,
module.models.remote,module.models,
module.network.repositories,module.network,
moj.core.auth,moj.core,
moj.core.model,moj.core,
moj.core.ui,moj.core,
moj.feature.chat,moj.feature,
moj.feature.comment,moj.feature,
moj.feature.creatorhub,moj.feature,
moj.feature.favourites.ui,moj.feature,
moj.feature.gallery,moj.feature,
moj.feature.live_stream_data,moj.feature,
moj.feature.live_stream_presentation.ui,moj.feature,
moj.feature.login,moj.feature,
moj.feature.mojspot,moj.feature,
moj.feature.privacy.ui,moj.feature,
moj.feature.rewards.ui,moj.feature,
moj.feature.search,moj.feature,
moj.feature.systemNotification,moj.feature,
moj.library.react,moj.library,
mono.android.hardware,mono.android,
mono.android.media,mono.android,
mono.android.net,mono.android,
mono.android.view,mono.android,
mozilla.components.browser,mozilla.components,
mozilla.components.concept,mozilla.components,
mozilla.components.lib,mozilla.components,
mozilla.components.service.nimbus,mozilla.components,
mozilla.components.support,mozilla.components,
mozilla.telemetry.glean,mozilla.telemetry,
mtopsdk.framework.filter,mtopsdk.framework,
mtopsdk.mtop.protocol,mtopsdk.mtop,
mx_android.support.v7,mx_android.support,
mx_com.mixpanel.android,mx_com.mixpanel,
mygame.plugin.myads,mygame.plugin,
nativeJsMain.default.linkdata,nativeJsMain.default,
nativeMain.default.linkdata,nativeMain.default,
net.aihelp.core,net.aihelp,
net.aihelp.data,net.aihelp,
net.aihelp.db,net.aihelp,
net.aihelp.ui,net.aihelp,
net.bytebuddy.agent,net.bytebuddy,
net.bytebuddy.description,net.bytebuddy,
net.bytebuddy.dynamic,net.bytebuddy,
net.bytebuddy.implementation,net.bytebuddy,
net.bytebuddy.jar.asm,net.bytebuddy,
net.bytebuddy.utility,net.bytebuddy,
net.center.blurview,net.center,
net.consentmanager.sdk,net.consentmanager,
net.dongliu.apk.parser,net.dongliu,
net.grandcentrix.tray,net.grandcentrix,
net.ihago.act.api,net.ihago,
net.ihago.activity.srv,net.ihago,
net.ihago.base,net.ihago,
net.ihago.bbs.srv,net.ihago,
net.ihago.channel.srv,net.ihago,
net.ihago.im,net.ihago,
net.ihago.ktv.api,net.ihago,
net.ihago.money.api,net.ihago,
net.ihago.omega.api,net.ihago,
net.ihago.room,net.ihago,
net.ihago.show,net.ihago,
net.ihago.social.api,net.ihago,
net.ihago.ymicro.srv,net.ihago,
net.jpountz.util,net.jpountz,
net.jpountz.util.darwin,net.jpountz,
net.kidoz.ads,net.kidoz,
net.lingala.zip4j,net.lingala,
net.lucode.hackware.magicindicator,net.lucode,
net.lucode.hackware.magicindicator.buildins,net.lucode,
net.lucode.hackware.magicindicator.buildins.commonnavigator,net.lucode,
net.mikaelzero.mojito,net.mikaelzero,
net.moeapp.avg,net.moeapp,
net.moyokoo.diooto,net.moyokoo,
net.objecthunter.exp4j,net.objecthunter,
net.pubnative.library,net.pubnative,
net.pubnative.lite,net.pubnative,
net.pubnative.lite.sdk,net.pubnative,
net.sbbi.upnp,net.sbbi,
net.security.device.api.id,net.security,
net.sf.ezmorph,net.sf,
net.sf.scuba,net.sf,
net.time4j.calendar,net.time4j,
net.time4j.format,net.time4j,
net.time4j.tz,net.time4j,
net.wargaming.wot,net.wargaming,
net.wargaming.wot.blitz.plugins,net.wargaming,
net.wargaming.wows,net.wargaming,
net.wgmobile.sdk,net.wgmobile,
net.wrightflyer.le.reality,net.wrightflyer,
net.ypresto.androidtranscoder,net.ypresto,
nl.dionsegijn.konfetti,nl.dionsegijn,
nl.qbusict.cupboard,nl.qbusict,
no.nordicsemi.android,no.nordicsemi,
nonAndroidMain.default.linkdata,nonAndroidMain.default,
nonAppleMain.default.linkdata,nonAppleMain.default,
nonJvmMain.default.linkdata,nonJvmMain.default,
nonapi.io.github.classgraph,nonapi.io,
notMobileMain.default.linkdata,notMobileMain.default,
one.video.ad,one.video,
one.video.cast,one.video,
one.video.controls,one.video,
one.video.exo,one.video,
one.video.pip,one.video,
one.video.player,one.video,
one.video.streaming,one.video,
one.video.view,one.video,
opencensus.proto.agent,opencensus.proto,
oqm.oqm.oqm.oqm.oqma,oqm.oqm,
oqm.oqm.oqm.oqm.oqmb,oqm.oqm,
org.amazon.chime.webrtc,org.amazon,
org.andengine.audio,org.andengine,
org.andengine.engine,org.andengine,
org.andengine.entity,org.andengine,
org.andengine.extension,org.andengine,
org.andengine.input,org.andengine,
org.andengine.opengl,org.andengine,
org.andengine.ui,org.andengine,
org.andengine.util,org.andengine,
org.android.agoo,org.android,
org.apache.commons,org.apache,
org.apache.commons.codec,org.apache,
org.apache.commons.compress,org.apache,
org.apache.commons.io,org.apache,
org.apache.commons.lang,org.apache,
org.apache.commons.lang3,org.apache,
org.apache.commons.net,org.apache,
org.apache.commons.sudcompress,org.apache,
org.apache.commonscopy,org.apache,
org.apache.cordova,org.apache,
org.apache.harmony.javax.security,org.apache,
org.apache.http,org.apache,
org.apache.http.entity,org.apache,
org.apache.internal.commons,org.apache,
org.apache.log4j,org.apache,
org.apache.lucene,org.apache,
org.apache.thrift.nelo,org.apache,
org.apache.tika,org.apache,
org.apache.xerces,org.apache,
org.apache.xml,org.apache,
org.appplay.ARCamera,org.appplay,
org.appplay.lib,org.appplay,
org.aspectj.internal.lang,org.aspectj,
org.aspectj.lang,org.aspectj,
org.aspectj.runtime,org.aspectj,
org.banban.rtc,org.banban,
org.bidon.admob,org.bidon,
org.bidon.amazon,org.bidon,
org.bidon.applovin,org.bidon,
org.bidon.bidmachine,org.bidon,
org.bidon.bigoads,org.bidon,
org.bidon.chartboost,org.bidon,
org.bidon.dtexchange,org.bidon,
org.bidon.gam,org.bidon,
org.bidon.inmobi,org.bidon,
org.bidon.ironsource,org.bidon,
org.bidon.meta,org.bidon,
org.bidon.mintegral,org.bidon,
org.bidon.mobilefuse,org.bidon,
org.bidon.moloco,org.bidon,
org.bidon.sdk,org.bidon,
org.bidon.taurusx,org.bidon,
org.bidon.unityads,org.bidon,
org.bidon.vkads,org.bidon,
org.bidon.vungle,org.bidon,
org.bidon.yandex,org.bidon,
org.bouncycastle.asn1,org.bouncycastle,
org.bouncycastle.cert,org.bouncycastle,
org.bouncycastle.cms,org.bouncycastle,
org.bouncycastle.crypto,org.bouncycastle,
org.bouncycastle.d,org.bouncycastle,
org.bouncycastle.e,org.bouncycastle,
org.bouncycastle.eac,org.bouncycastle,
org.bouncycastle.internal.asn1,org.bouncycastle,
org.bouncycastle.its,org.bouncycastle,
org.bouncycastle.jcajce,org.bouncycastle,
org.bouncycastle.jcajce.provider,org.bouncycastle,
org.bouncycastle.jce,org.bouncycastle,
org.bouncycastle.math,org.bouncycastle,
org.bouncycastle.mime,org.bouncycastle,
org.bouncycastle.oer.its,org.bouncycastle,
org.bouncycastle.openssl,org.bouncycastle,
org.bouncycastle.operator,org.bouncycastle,
org.bouncycastle.pkcs,org.bouncycastle,
org.bouncycastle.pqc,org.bouncycastle,
org.bouncycastle.tsp,org.bouncycastle,
org.bouncycastle.util,org.bouncycastle,
org.bouncycastle.x509,org.bouncycastle,
org.bson.codecs,org.bson,
org.checkerframework.checker,org.checkerframework,
org.checkerframework.common,org.checkerframework,
org.checkerframework.framework,org.checkerframework,
org.chromium.base,org.chromium,
org.chromium.blink,org.chromium,
org.chromium.cc,org.chromium,
org.chromium.chrome.browser,org.chromium,
org.chromium.components,org.chromium,
org.chromium.content,org.chromium,
org.chromium.device,org.chromium,
org.chromium.gpu,org.chromium,
org.chromium.media,org.chromium,
org.chromium.mojo,org.chromium,
org.chromium.net,org.chromium,
org.chromium.payments,org.chromium,
org.chromium.services,org.chromium,
org.chromium.ui,org.chromium,
org.chromium.url,org.chromium,
org.chromium.xwhale,org.chromium,
org.cocos2dx.lib,org.cocos2dx,
org.cocos2dx.okhttp3.internal,org.cocos2dx,
org.codehaus.jackson,org.codehaus,
org.commonmark.internal,org.commonmark,
org.commonmark.parser,org.commonmark,
org.commonmark.renderer,org.commonmark,
org.cybergarage.upnp,org.cybergarage,
org.devio.takephoto,org.devio,
org.dmg.pmml,org.dmg,
org.droidparts.adapter,org.droidparts,
org.droidparts.annotation,org.droidparts,
org.droidparts.concurrent,org.droidparts,
org.droidparts.inner,org.droidparts,
org.droidparts.net,org.droidparts,
org.droidparts.persist,org.droidparts,
org.droidparts.util,org.droidparts,
org.eclipse.jetty,org.eclipse,
org.eclipse.jgit,org.eclipse,
org.eclipse.paho,org.eclipse,
org.eclipse.paho.client.mqttv3,org.eclipse,
org.egret.wx,org.egret,
org.ejbca.cvc,org.ejbca,
org.findmykids.analytics,org.findmykids,
org.findmykids.app,org.findmykids,
org.findmykids.base,org.findmykids,
org.findmykids.callscreening,org.findmykids,
org.findmykids.child.sos,org.findmykids,
org.findmykids.childpermissions.presentation,org.findmykids,
org.findmykids.experiments.impl.data,org.findmykids,
org.findmykids.family.child,org.findmykids,
org.findmykids.firstsession.child.presentation,org.findmykids,
org.findmykids.geo.core,org.findmykids,
org.findmykids.log,org.findmykids,
org.findmykids.pedometer.child.impl,org.findmykids,
org.findmykids.pingofriend,org.findmykids,
org.findmykids.soundaround.child,org.findmykids,
org.findmykids.support,org.findmykids,
org.findmykids.uikit,org.findmykids,
org.findmykids.urls,org.findmykids,
org.fourthline.cling,org.fourthline,
org.fusesource.jansi.internal.native,org.fusesource,
org.getter.matisse,org.getter,
org.glassfish.grizzly,org.glassfish,
org.glassfish.hk2,org.glassfish,
org.glassfish.jersey,org.glassfish,
org.godotengine.godot,org.godotengine,
org.greenrobot.essentials,org.greenrobot,
org.greenrobot.eventbus,org.greenrobot,
org.greenrobot.greendao,org.greenrobot,
org.gsuite.getter.getter_tokbox,org.gsuite,
org.gux.widget,org.gux,
org.hive.foundation,org.hive,
org.intellij.markdown,org.intellij,
org.jacoco.agent.rt.internal_1f1cc91,org.jacoco,
org.jacoco.core,org.jacoco,
org.jaudiotagger.audio,org.jaudiotagger,
org.jaudiotagger.tag,org.jaudiotagger,
org.jaxen.function,org.jaxen,
org.jaxen.saxpath,org.jaxen,
org.jboss.netty,org.jboss,
org.jbox2d.collision,org.jbox2d,
org.jbox2d.dynamics,org.jbox2d,
org.jbox2d.pooling,org.jbox2d,
org.jctools.queues,org.jctools,
org.jetbrains.anko,org.jetbrains,
org.jetbrains.compose,org.jetbrains,
org.jetbrains.compose.resources,org.jetbrains,
org.jetbrains.skia,org.jetbrains,
org.jetbrains.skiko,org.jetbrains,
org.jitsi.meet.sdk,org.jitsi,
org.jivesoftware.smack,org.jivesoftware,
org.jmrtd.lds,org.jmrtd,
org.joda.time,org.joda,
org.joinmastodon.android,org.joinmastodon,
org.junit.experimental,org.junit,
org.junit.internal,org.junit,
org.junit.internal.runners,org.junit,
org.junit.runner,org.junit,
org.jvnet.hk2,org.jvnet,
org.jxmpp.jid,org.jxmpp,
org.kethereum.crypto,org.kethereum,
org.koin.android,org.koin,
org.koin.androidx,org.koin,
org.koin.compose,org.koin,
org.koin.core,org.koin,
org.koin.viewmodel,org.koin,
org.kxml2.wap,org.kxml2,
org.libsodium.jni,org.libsodium,
org.light.extDecoder.apng,org.light,
org.light.lightAssetKit,org.light,
org.linphone.core.tools,org.linphone,
org.linphone.mediastream.video,org.linphone,
org.litepal.crud,org.litepal,
org.litepal.tablemanager,org.litepal,
org.littleshoot.proxy,org.littleshoot,
org.luaj.vm2,org.luaj,
org.m4m.domain,org.m4m,
org.matomo.sdk,org.matomo,
org.michaelbel.bottomsheet,org.michaelbel,
org.mockito.asm,org.mockito,
org.mockito.cglib,org.mockito,
org.mockito.exceptions,org.mockito,
org.mockito.internal,org.mockito,
org.mozilla.appservices,org.mozilla,
org.mozilla.experiments.nimbus,org.mozilla,
org.mozilla.gecko,org.mozilla,
org.mozilla.javascript,org.mozilla,
org.mozilla.universalchardet.prober,org.mozilla,
org.mp4parser.aj,org.mp4parser,
org.mp4parser.aspectj,org.mp4parser,
org.mp4parser.boxes,org.mp4parser,
org.mp4parser.muxer,org.mp4parser,
org.msgpack.core,org.msgpack,
org.nanobit.hollywood,org.nanobit,
org.naturalmotion.NmgIAP,org.naturalmotion,
org.noear.snack,org.noear,
org.obj2openjl.v3,org.obj2openjl,
org.objectweb.asm,org.objectweb,
org.objenesis.instantiator,org.objenesis,
org.ocpsoft.prettytime,org.ocpsoft,
org.onepf.oms,org.onepf,
org.openjdk.javax,org.openjdk,
org.openjdk.source,org.openjdk,
org.openjdk.tools,org.openjdk,
org.openjsse.com.sun,org.openjsse,
org.openjsse.javax,org.openjsse,
org.openjsse.net,org.openjsse,
org.openjsse.sun,org.openjsse,
org.orbitmvi.orbit,org.orbitmvi,
org.osmdroid.tileprovider,org.osmdroid,
org.osmdroid.views,org.osmdroid,
org.prebid.mobile,org.prebid,
org.pytorch.executorch,org.pytorch,
org.qtproject.qt5.android,org.qtproject,
org.rajawali3d.loader,org.rajawali3d,
org.rajawali3d.materials,org.rajawali3d,
org.rajawali3d.postprocessing,org.rajawali3d,
org.rajawali3d.renderer,org.rajawali3d,
org.repackage.com,org.repackage,
org.schabi.newpipe,org.schabi,
org.seamless.util,org.seamless,
org.shadow.apache.commons.lang3,org.shadow,
org.simpleframework.xml,org.simpleframework,
org.spongycastle.asn1,org.spongycastle,
org.spongycastle.crypto,org.spongycastle,
org.spongycastle.jcajce,org.spongycastle,
org.spongycastle.jcajce.provider,org.spongycastle,
org.spongycastle.jce,org.spongycastle,
org.spongycastle.math,org.spongycastle,
org.spongycastle.pqc,org.spongycastle,
org.spongycastle.util,org.spongycastle,
org.spongycastle.x509,org.spongycastle,
org.springframework.http,org.springframework,
org.springframework.web,org.springframework,
org.sqlite.native,org.sqlite,
org.telegram.messenger,org.telegram,
org.telegram.tgnet,org.telegram,
org.telegram.ui,org.telegram,
org.tensorflow.lite,org.tensorflow,
org.threeten.bp,org.threeten,
org.thunderdog.challegram,org.thunderdog,
org.ton.api,org.ton,
org.tukaani.xz,org.tukaani,
org.videolan.libvlc,org.videolan,
org.w3c.dom,org.w3c,
org.webrtc.haima,org.webrtc,
org.whispersystems.libsignal,org.whispersystems,
org.xbill.DNS,org.xbill,
org.xml.sax,org.xml,
org.xmlpull.v1,org.xmlpull,
org.xutils.common,org.xutils,
org.xutils.db,org.xutils,
org.xutils.http,org.xutils,
org.yaml.snakeyaml,org.yaml,
org.zeroturnaround.zip,org.zeroturnaround,
p.c.a,p.c,FALSE
p.c.b,p.c,FALSE
p.c.c.a,p.c,FALSE
p.d.a,p.d,FALSE
p.e.a,p.e,FALSE
pdb.app.base,pdb.app,
pdb.app.billing,pdb.app,
pdb.app.chat,pdb.app,
pdb.app.common,pdb.app,
pdb.app.fundation,pdb.app,
pdb.app.im,pdb.app,
pdb.app.inbox,pdb.app,
pdb.app.login,pdb.app,
pdb.app.network,pdb.app,
pdb.app.onboarding,pdb.app,
pdb.app.personality,pdb.app,
pdb.app.profilebase,pdb.app,
pdb.app.repo,pdb.app,
pdb.app.search,pdb.app,
pdb.app.user,pdb.app,
per.goweii.actionbarex,per.goweii,
per.goweii.anylayer,per.goweii,
pl.droidsonroids.gif,pl.droidsonroids,
pl.interia.czateria,pl.interia,
pl.interia.msb,pl.interia,
pl.interia.rodo,pl.interia,
plugin.google.iap,plugin.google,
posixMain.default.linkdata,posixMain.default,
preview.uk.co.senab2.photoview2,preview.uk,
project.android.fastimage,project.android,
project.android.imageprocessing,project.android,
proto.common.moj.cdp,proto.common,
proto.common.moj_sc_all,proto.common,
proto.common.moj_sc_fe,proto.common,
proto.common.sc.cdp,proto.common,
protobuf.api.app_new_user_limited_live_reports,protobuf.api,
protobuf.api.apple,protobuf.api,
protobuf.api.channels,protobuf.api,
protobuf.api.dotmoney,protobuf.api,
protobuf.api.events,protobuf.api,
protobuf.api.facebook,protobuf.api,
protobuf.api.families,protobuf.api,
protobuf.api.festivals,protobuf.api,
protobuf.api.infinity,protobuf.api,
protobuf.api.live_recommends,protobuf.api,
protobuf.api.live_tag_maps,protobuf.api,
protobuf.api.lives,protobuf.api,
protobuf.api.local_area_promotion,protobuf.api,
protobuf.api.onboarding_tutorials,protobuf.api,
protobuf.api.poco_gachas,protobuf.api,
protobuf.api.poco_rankings,protobuf.api,
protobuf.api.prized_events,protobuf.api,
protobuf.api.profiles,protobuf.api,
protobuf.api.quests,protobuf.api,
protobuf.api.reports,protobuf.api,
protobuf.api.seasonal_item_competition,protobuf.api,
protobuf.api.terms,protobuf.api,
protobuf.api.thank_you_letter_categories,protobuf.api,
protobuf.api.thank_you_letters,protobuf.api,
protobuf.api.users,protobuf.api,
protobuf.resources.gachas,protobuf.resources,
protobuf.resources.lives.support_items,protobuf.resources,
protobuf.resources.stardusts,protobuf.resources,
r.m.s,r.m,FALSE
reactivecircus.flowbinding.android,reactivecircus.flowbinding,
ren.yale.android.cachewebviewlib,ren.yale,
residence.adengagebar.pauseable,residence.adengagebar,
residence.prehot.controlable,residence.prehot,
residence.prehot.multiwheel.uniq,residence.prehot,
residence.prehot.predition.metallic,residence.prehot,
residence.prehot.toggle,residence.prehot,
residence.prehot.usability,residence.prehot,
ru.1.ritmmedia.yappy,ru.1,FALSE
ru.2.ritmmedia.yappy,ru.2,FALSE
ru.2.rustore.sdk,ru.2,FALSE
ru.2.sber.platform.clickstream.clickstreamlite.internal,ru.2,FALSE
ru.2.yoomoney.sdk,ru.2,FALSE
ru.angryrobot.chatvdvoem,ru.angryrobot,
ru.gid.sdk,ru.gid,
ru.lesta.tanks,ru.lesta,
ru.mail.libverify,ru.mail,
ru.mail.verify.core,ru.mail,
ru.odnoklassniki.unity,ru.odnoklassniki,
ru.ok.android,ru.ok,FALSE
ru.ok.call_effects.internal,ru.ok,FALSE
ru.ok.face,ru.ok,FALSE
ru.ok.gl,ru.ok,FALSE
ru.ok.media,ru.ok,FALSE
ru.ok.pattern,ru.ok,FALSE
ru.ok.proto,ru.ok,FALSE
ru.ok.segmentation_full,ru.ok,FALSE
ru.ok.tensorflow,ru.ok,FALSE
ru.ok.tracer,ru.ok,FALSE
ru.ritmmedia.yappy,ru.ritmmedia,
ru.rustore.sdk,ru.rustore,
ru.rustore.unitysdk,ru.rustore,
ru.sber.platform.clickstream.clickstreamlite.internal,ru.sber,
ru.tinkoff.decoro,ru.tinkoff,
ru.vk.store,ru.vk,FALSE
ru.vk.store.provider,ru.vk,FALSE
ru.yoomoney.sdk,ru.yoomoney,
rx.internal.util,rx.internal,
s.b.p,s.b,FALSE
s.f.s.subscribe,s.f,FALSE
s.z.t,s.z,FALSE
sa.fadfed.fadfedapp,sa.fadfed,
saygames.saykit.feature,saygames.saykit,
segmented_control.widget.custom.android.com,segmented_control.widget,
sensetime.senseme.com.effects,sensetime.senseme,
sergio.sastre.composable.preview.scanner.core,sergio.sastre,
sfs2x.client.entities,sfs2x.client,
sfs2x.client.requests,sfs2x.client,
sg.1.bigo.ads,sg.1,FALSE
sg.bigo.ads,sg.bigo,
sg.bigo.al,sg.bigo,
sg.bigo.al.sessionalm,sg.bigo,
sg.bigo.alive,sg.bigo,
sg.bigo.alive.awake,sg.bigo,
sg.bigo.apm,sg.bigo,
sg.bigo.arch,sg.bigo,
sg.bigo.av,sg.bigo,
sg.bigo.base,sg.bigo,
sg.bigo.bigohttp,sg.bigo,
sg.bigo.common,sg.bigo,
sg.bigo.compress,sg.bigo,
sg.bigo.core,sg.bigo,
sg.bigo.crashreporter,sg.bigo,
sg.bigo.framework,sg.bigo,
sg.bigo.framework.service,sg.bigo,
sg.bigo.kt,sg.bigo,
sg.bigo.libcommonstatistics,sg.bigo,
sg.bigo.libvideo_v2,sg.bigo,
sg.bigo.like,sg.bigo,
sg.bigo.live,sg.bigo,
sg.bigo.maillogin,sg.bigo,
sg.bigo.media,sg.bigo,
sg.bigo.mobile,sg.bigo,
sg.bigo.mobile.android,sg.bigo,
sg.bigo.pay.sdk,sg.bigo,
sg.bigo.proto.lite,sg.bigo,
sg.bigo.protox,sg.bigo,
sg.bigo.sdk,sg.bigo,
sg.bigo.search_api,sg.bigo,
sg.bigo.svcapi,sg.bigo,
sg.bigo.threeparty,sg.bigo,
sg.bigo.titan,sg.bigo,
sg.bigo.uicomponent,sg.bigo,
sg.bigo.video,sg.bigo,
sg.bigo.web,sg.bigo,
sg.bigo.webcache,sg.bigo,
sharechat.ads.feature,sharechat.ads,
sharechat.ads.repository,sharechat.ads,
sharechat.data.analytics,sharechat.data,
sharechat.data.auth,sharechat.data,
sharechat.data.composeTools,sharechat.data,
sharechat.data.explore,sharechat.data,
sharechat.data.post,sharechat.data,
sharechat.data.sclivecommon,sharechat.data,
sharechat.data.sharebottomsheet,sharechat.data,
sharechat.data.user,sharechat.data,
sharechat.feature.aiSharing,sharechat.feature,
sharechat.feature.chat,sharechat.feature,
sharechat.feature.compose,sharechat.feature,
sharechat.feature.contentvertical.ui,sharechat.feature,
sharechat.feature.creatorhub,sharechat.feature,
sharechat.feature.cvfeed,sharechat.feature,
sharechat.feature.explore,sharechat.feature,
sharechat.feature.feed,sharechat.feature,
sharechat.feature.friendzone,sharechat.feature,
sharechat.feature.home,sharechat.feature,
sharechat.feature.intervention,sharechat.feature,
sharechat.feature.login,sharechat.feature,
sharechat.feature.notification,sharechat.feature,
sharechat.feature.payment,sharechat.feature,
sharechat.feature.post,sharechat.feature,
sharechat.feature.profile,sharechat.feature,
sharechat.feature.reactnative,sharechat.feature,
sharechat.feature.setting,sharechat.feature,
sharechat.feature.sharebottomsheet,sharechat.feature,
sharechat.feature.user,sharechat.feature,
sharechat.library.cvo,sharechat.library,
sharechat.library.imageedit,sharechat.library,
sharechat.library.spyglass,sharechat.library,
sharechat.library.text,sharechat.library,
sharechat.library.ui,sharechat.library,
sharechat.manager.rtc,sharechat.manager,
sharechat.model.chat,sharechat.model,
sharechat.model.payment,sharechat.model,
sharechat.model.profile,sharechat.model,
sharechat.model.proto.intervention,sharechat.model,
sharechat.protodata.bucket,sharechat.protodata,
sharechat.repository.post,sharechat.repository,
sharechat.videoeditor.core,sharechat.videoeditor,
sharechat.videoeditor.ve_resources,sharechat.videoeditor,
skikoExcludingWebMain.default.linkdata,skikoExcludingWebMain.default,
skikoMain.default.linkdata,skikoMain.default,
skin.support.design,skin.support,
slwldilqwposkj.jgnhot.cswexj,slwldilqwposkj.jgnhot,
slwldilqwposkj.jgnhot.itcjrt,slwldilqwposkj.jgnhot,
sns.anim.scene,sns.anim,
sns.currency.ruby,sns.currency,
sns.data.db,sns.data,
sns.data.realtime.common,sns.data,
sns.inventory.data.tmg,sns.inventory,
sns.live.profile,sns.live,
sns.live.subs,sns.live,
sns.media.editor,sns.media,
sns.media.uploader,sns.media,
sns.media.video.clipper,sns.media,
sns.notification.center,sns.notification,
sns.payments.data,sns.payments,
sns.payments.google,sns.payments,
sns.payments.offers,sns.payments,
sns.payments.purchase,sns.payments,
sns.payments.recharge,sns.payments,
sns.profile.edit,sns.profile,
sns.promotional.api,sns.promotional,
sns.rewards.video,sns.rewards,
sns.stories.data,sns.stories,
sns.tools.menu,sns.tools,
sns.vip.data,sns.vip,
so.prelude.android.sdk,so.prelude,
solidity.ens.abi,solidity.ens,
spacemadness.com.lunarconsole,spacemadness.com,
splitties.fun.pack.android,splitties.fun,
splitties.views.selectable,splitties.views,
sspnet.tech.analytics.domain,sspnet.tech,
sspnet.tech.dsp,sspnet.tech,
ssss.v7.widget,ssss.v7,
ssss.vff.content,ssss.vff,
ssss.vff.hardware,ssss.vff,
ssss.vff.view,ssss.vff,
statussaver.statusdownloader.downloadstatus.savestatus,statussaver.statusdownloader,
statussaver.statusdownloader.downloadstatus.videoimagesaver.app,statussaver.statusdownloader,
sticker.naver.com.nsticker,sticker.naver,
su.levenetc.android.textsurface,su.levenetc,
sun.security.jgss,sun.security,
sun.security.krb5.internal,sun.security,
syncbox.micosocket.sdk,syncbox.micosocket,
tds.androidx.core,tds.androidx,
tds.androidx.customview,tds.androidx,
tech.kwik.agent15,tech.kwik,
tech.kwik.core,tech.kwik,
tech.kwik.flupke,tech.kwik,
tech.sud.gip,tech.sud,
tech.sud.mgp,tech.sud,
tech.sud.runtime,tech.sud,
tenten.app.components,tenten.app,
tenten.app.thirdparty,tenten.app,
tenten.core.ffi,tenten.core,
thirdpart.com.chad.library.adapter.base,thirdpart.com,
tieba.baidu.com.tiebasharesdk,tieba.baidu,
tigase.jaxmpp.core,tigase.jaxmpp,
tigase.jaxmpp.j2se,tigase.jaxmpp,
toothpick.compiler.factory,toothpick.compiler,
toothpick.compiler.memberinjector,toothpick.compiler,
top.kikt.imagescanner.core,top.kikt,
tr.com.vlmedia,tr.com,
tr.gov.eba.hesap,tr.gov,
ttp.orbu.sdk,ttp.orbu,
tv.athena.core,tv.athena,
tv.athena.klog,tv.athena,
tv.athena.live,tv.athena,
tv.athena.service,tv.athena,
tv.athena.util,tv.athena,
tv.danmaku.cc.media,tv.danmaku,
tv.danmaku.ijk.media,tv.danmaku,
tv.danmaku.ijk.media.player,tv.danmaku,
tv.haima.ijk.media.player,tv.haima,
tv.medal.core,tv.medal,
tv.medal.data,tv.medal,
tv.medal.design,tv.medal,
tv.medal.domain,tv.medal,
tv.medal.model,tv.medal,
tv.medal.presentation,tv.medal,
tv.medal.recorder,tv.medal,
tv.medal.repositories,tv.medal,
tv.medal.util,tv.medal,
tv.superawesome.lib,tv.superawesome,
tv.superawesome.sdk.publisher,tv.superawesome,
tv.teads.android.exoplayer2,tv.teads,
tv.teads.coil,tv.teads,
tv.teads.sdk,tv.teads,
tv.woolive.live,tv.woolive,
tw.com.mycard,tw.com,
ua.1.gov.pfu,ua.1,FALSE
ua.gov.pfu,ua.gov,
ua.gov.reserveplus,ua.gov,
uk.co.samuelwall.materialtaptargetprompt.extras,uk.co,FALSE
uk.co.senab.photoview,uk.co,FALSE
uk.co.senab2.photoview2,uk.co,FALSE
unity.mentions.libs.tfg.com.tfgmentions,unity.mentions,
unixMain.default.linkdata,unixMain.default,
us.band.board,us.band,
us.band.comment,us.band,
us.band.contents,us.band,
us.band.design,us.band,
us.band.foundations.nudge.domain,us.band,
us.band.home,us.band,
us.band.local.datasource,us.band,
us.band.notification.push,us.band,
us.band.remote.datasource.model,us.band,
us.band.schedule,us.band,
us.band.sticker.downloader,us.band,
us.shandian.giga,us.shandian,
vanda.wzl.vandadownloader,vanda.wzl,
vector.design.ui,vector.design,
vector.network.image,vector.network,
vector.view.pager,vector.view,
vector.view.swipe,vector.view,
vibely.data.common,vibely.data,
vibely.feature.call,vibely.feature,
vibely.feature.common,vibely.feature,
vibely.feature.feed,vibely.feature,
video.api.livestream,video.api,
video.api.reactnative.livestream,video.api,
video.api.rtmpdroid,video.api,
video.chat.joi,video.chat,
video.chat.peachat,video.chat,
video.like.media.remux,video.like,
vn.tungdx.mediapicker,vn.tungdx,
vy.voya.android,vy.voya,
vy.voya.flutter.voya_flutter,vy.voya,
vy.voya.tools,vy.voya,
webMain.default.linkdata,webMain.default,
widget.md.view,widget.md,
widget.ui.blur,widget.ui,
widget.ui.cropper,widget.ui,
x.m.a,x.m,FALSE
xyz.danoz.recyclerviewfastscroller,xyz.danoz,
xyz.doikki.videoplayer,xyz.doikki,
xyz.luan.audioplayers,xyz.luan,
younow.live.achievements,younow.live,
younow.live.broadcasts,younow.live,
younow.live.core,younow.live,
younow.live.diamonds,younow.live,
younow.live.domain,younow.live,
younow.live.home,younow.live,
younow.live.inapppurchase,younow.live,
younow.live.interests,younow.live,
younow.live.pearls,younow.live,
younow.live.profile,younow.live,
younow.live.props.dashboard,younow.live,
younow.live.rewards,younow.live,
younow.live.settings,younow.live,
younow.live.streaks,younow.live,
younow.live.subscription,younow.live,
younow.live.transactionhistory,younow.live,
younow.live.ui,younow.live,
younow.live.user,younow.live,
yxcorp.gifshow.tiny.fission,yxcorp.gifshow,
yyyyTyyyyyy5.yyyyTyyyyyy5.yyyTyyyyy5T,yyyyTyyyyyy5.yyyyTyyyyyy5,
yyyyTyyyyyy5.yyyyTyyyyyy5.yyyTyyyyyT5,yyyyTyyyyyy5.yyyyTyyyyyy5,
zendesk.analyticskit.android.internal,zendesk.analyticskit,
zendesk.android.events,zendesk.android,
zendesk.android.internal,zendesk.android,
zendesk.android.messaging,zendesk.android,
zendesk.classic.messaging,zendesk.classic,
zendesk.conversationkit.android,zendesk.conversationkit,
zendesk.conversationkit.android.internal,zendesk.conversationkit,
zendesk.core.android.internal,zendesk.core,
zendesk.core.ui.android.internal,zendesk.core,
zendesk.guidekit.android,zendesk.guidekit,
zendesk.messaging.android,zendesk.messaging,
zendesk.messaging.android.internal,zendesk.messaging,
zendesk.ui.android,zendesk.ui,
zendesk.ui.compose.android,zendesk.ui,
zhy.com.highlight,zhy.com,
zlc.season.rxdownload2,zlc.season,
zlc.season.rxdownload4,zlc.season,
zoloz.ap.com.toolkit,zoloz.ap,
